driverId,name,ssn,location,certified,wage-plan
10,Linda Morris,447-46-9789,"6244 Benjamin Gardens Suite 922
Ortizfort, OH 09986",N,hours
11,Valerie Barrett,713-28-4425,"PSC 7825, Box 1468
APO AE 22005",Y,hours
12,Heather Macdonald,768-88-2886,"82883 Parrish Plaza Apt. 531
East Christopherview, NE 19070",N,hours
13,Scott Smith,557-40-3882,"412 Martinez Points
Scottville, RI 19674",N,hours
14,Matthew Berry,780-43-8378,"904 Bruce Heights
North Ryan, IA 64859",N,hours
15,Jason Gonzalez,023-48-5777,"376 Ellen Pike
North Jamesborough, PW 05441",N,hours
16,Angela Russell,206-46-7888,"6544 Becker Valley
East Philipmouth, SC 81696",Y,hours
17,Patricia Mills,658-58-9906,"7884 Anthony Garden
Dianamouth, GU 25234",N,miles
18,Steven Strong,120-04-5478,"71357 Mary Roads
Port Jason, LA 59355",Y,miles
19,Jeffrey Lopez,699-09-3238,"23990 Smith Run
Michaelbury, IN 47494",N,miles
20,Joseph Huerta,451-41-2500,"799 Moore Throughway Suite 159
West Michael, CA 54502",Y,miles
21,Tony Obrien,427-85-8777,"9676 Powers Harbor Suite 837
Lake Raymond, WY 47193",N,miles
22,Sarah Tucker,038-11-1567,"287 Nicholas Island
Francisville, TX 49312",N,hours
23,Jessica Hendricks,527-58-6726,"USNS Davis
FPO AE 80205",N,hours
24,Daniel Hayes,588-77-3852,"0975 Sutton Circles
Johnnyport, MP 72309",N,hours
25,Melissa Maynard,574-53-5063,"332 Carla Mill
Emilyburgh, WV 59736",N,hours
26,Erika Hobbs,363-30-4540,"417 Michael Avenue Apt. 965
Lake Amyfort, MT 07965",N,hours
27,Jasmine Santos,111-36-2615,"Unit 3471 Box 7726
DPO AA 01141",N,miles
28,Ashley Benson,070-40-3366,"3191 Nelson Vista Suite 755
Brandonburgh, MA 00790",N,hours
29,Jessica Huff,787-28-4758,"5935 Shepherd Manors
North Andrewhaven, WY 99044",Y,hours
30,Teresa Wood,145-44-8200,"2463 Yu Road Apt. 786
West Stephanieside, MS 01111",N,hours
31,Rebecca Norris,524-83-5168,"772 Andrew Cove Apt. 647
Rachelside, ID 14790",N,hours
32,Paul Steele,407-88-4749,"352 Walsh Locks Suite 066
South Patricia, AL 90420",N,hours
33,John Ibarra,043-84-8742,"717 Sherman Cape
Austinfort, RI 28461",Y,miles
34,Mary King,419-17-4627,"921 Reed Plains Apt. 980
Christensenshire, AR 96408",N,hours
35,William Hobbs,156-15-5571,"3267 Munoz Circles
North Joannaville, MO 60170",Y,hours
36,Heather Smith,700-23-6108,"356 Long Corners
North Donald, AZ 59531",N,hours
37,Jennifer Kane,327-05-9966,"704 Wilson Valley
Michaelhaven, DE 53336",Y,miles
38,Ruben Lucero,496-02-6408,"246 Lauren Port
Andrewfort, PR 28995",Y,hours
39,David Boyd,720-76-7843,"PSC 0915, Box 4960
APO AE 03218",Y,hours
40,Sarah Brown,848-72-9287,"8940 Kevin Plains Apt. 574
North Nicole, PR 51570",Y,miles
41,Troy Castro,811-18-3103,"08877 Jerome Roads
Port Marcland, MO 23734",N,hours
42,Donna Gonzalez,474-78-6666,"283 Sheri Falls
East Henrymouth, GU 61008",Y,miles
43,Steven Norris,271-01-0530,"5693 Fry Keys
East Patricktown, NM 18416",N,miles
44,Alec Estrada,289-62-5171,"41680 Morton Turnpike
Port Ericahaven, PR 26257",Y,miles
45,Brittany Adams,506-90-5630,"1643 Hale Summit
South Chrisburgh, WA 15491",N,hours
46,Elizabeth Garza,254-60-2640,"57078 Andrew Forges Suite 430
East Marybury, NM 46182",Y,hours
47,Steven Mcdonald,572-16-9547,"704 Robert Trafficway
Thomasshire, MP 66403",Y,miles
48,Amanda Collier,496-16-1744,"6343 James Landing
New Todd, GU 14612",Y,miles
49,Molly Gomez,739-26-6130,"2669 Denise Shores
Bonillaview, OR 30818",N,miles
50,Brian Newton,611-80-7805,"PSC 0517, Box 3884
APO AP 93451",N,miles
51,John Jones,850-54-0309,"320 Vasquez Center
Amymouth, ME 59412",N,hours
52,Brandy Dorsey,804-03-0421,"8888 Lucas Lodge Suite 807
Rogerberg, AL 92054",Y,hours
53,Jeffrey Brady,260-03-7037,"0844 Kristin Courts Apt. 992
Markville, ND 64194",Y,miles
54,Susan Gallegos,179-90-7931,"5891 Nelson Turnpike
Chanmouth, VA 11092",N,hours
55,David Wells,055-92-0488,"902 Krueger Alley
Ramirezland, NJ 13428",N,miles
56,Heather Powell,069-59-7073,"10265 Cruz Lakes
Kennethmouth, PA 74025",N,hours
57,Calvin Acosta,652-50-7817,"6296 Alvarez Corners
South Lindsay, TX 73165",N,miles
58,Benjamin Mckenzie,433-90-1780,"4936 Hayes Loop Apt. 069
New Andrewburgh, MP 99423",Y,miles
59,Eric Davidson,360-93-3197,"Unit 2649 Box 8643
DPO AP 53475",Y,miles
60,Jacqueline Brooks,083-54-3761,"3696 Dylan Hollow
Lake Ian, NV 23840",N,hours
61,Margaret Williams,253-79-5035,"37901 Todd Loaf
Port Daniel, PA 94833",N,miles
62,Adam Baldwin,723-63-1094,"3999 Bradley Freeway
Whitefort, WI 29937",N,hours
63,Darren Scott,579-39-9478,"7034 Nathan Trace
New Allisonhaven, UT 38354",Y,hours
64,Paul Thomas,531-07-0828,"210 Danielle Skyway
Lake Katieside, TX 67242",N,miles
65,Heather Maynard,596-27-6371,"2297 Debbie Rest Suite 188
Millerside, WY 79052",Y,miles
66,John Norton,084-43-7801,"723 Cheryl Lodge
South Betty, GU 39510",N,hours
67,Kimberly Martinez,327-35-1393,"4422 Cynthia Summit Apt. 118
North Kennethmouth, SC 66865",N,hours
68,Mrs. Shelly Stout DDS,565-69-1564,"29502 Smith Fall
Garciamouth, NH 05271",Y,hours
69,Jason Decker,844-25-3816,"8225 Ramirez Parkways Apt. 271
Lake Annetteborough, AS 25323",N,hours
70,Dennis Skinner,789-40-7557,"286 Sarah Route
Matthewburgh, TN 16780",N,hours
71,Candice Butler,553-12-6973,"052 Ortiz Camp Apt. 050
North Benjaminland, NE 44689",Y,miles
72,Amanda Kramer,832-70-5287,"USNV Diaz
FPO AE 13821",Y,hours
73,Jennifer Brown,874-77-1092,"3986 Perez Junctions
Derekmouth, NJ 40522",N,miles
74,Nicole Payne,674-21-2402,"9941 Walton Curve
New Yvettechester, MS 39892",N,hours
75,Michelle Johnson,179-58-4171,"899 Ryan Way
West Juanborough, FM 94606",N,hours
76,Scott Johnson,183-66-6944,"560 Mills Road
Evansborough, AZ 06305",Y,miles
77,Robert Ashley,382-85-8868,"045 Thomas Passage
Port Diane, GA 33518",Y,hours
78,Jennifer Gray,804-38-8549,"79286 Marshall Common Suite 784
Woodsberg, VI 13852",Y,miles
79,Rachel Clayton,874-09-0598,"7533 Craig Brook
Cherylstad, DC 33758",N,hours
80,Michael Bowen,035-02-1147,"0469 Sally Overpass
Michaelside, MS 43950",Y,miles
81,Chad Gonzales,389-58-9273,"9601 Nicole Roads Suite 649
Benjaminport, NJ 02124",N,hours
82,Thomas Mendez,388-38-9733,"9153 Jenna Stravenue
Brandonside, DE 26183",Y,hours
83,Brian White,420-65-8426,"4079 Joy Glen Apt. 324
Jonesview, NV 90214",N,miles
84,Alexander King,490-61-3990,"PSC 3678, Box 2091
APO AA 89076",Y,miles
85,Teresa Cline,203-08-1672,"70670 Ryan Turnpike
Leeport, KY 34323",Y,hours
86,Kelly Huynh,458-74-2231,"4776 Mays Parkway Suite 312
South Christinamouth, CO 35335",Y,hours
87,Dr. Lisa Armstrong,025-67-6533,"705 Skinner Points Apt. 001
Sandraburgh, TN 28752",Y,hours
88,David Woods,689-41-6636,"601 Emily Fork
East Tiffanystad, MI 80026",Y,hours
89,Kelly Lara,448-32-0835,"USNS Kemp
FPO AE 70018",Y,hours
90,Shawn Allen,268-67-8663,"3434 James Trafficway Suite 157
Port Ashleymouth, MP 63415",N,hours
91,Alexandra Marshall,886-98-2239,"36699 Brian Well
West Bethshire, KS 86354",N,miles
92,Stephen Shea,678-71-7327,"7767 Pearson Flats Apt. 298
North Monica, NH 98991",N,hours
93,Meghan Vargas,815-09-7397,"65810 Green Summit Apt. 839
Diazmouth, RI 35223",Y,hours
94,Donald Thomas,195-04-3412,"047 Ryan Mountain Apt. 430
Jamesmouth, IL 41624",N,hours
95,Douglas Clark,576-24-4729,"08916 Jody Fields Apt. 037
South Angela, CA 99626",Y,miles
96,Alyssa Newman,628-88-1844,"912 James Crescent
Edwardport, NH 57804",N,hours
97,Angel Ray,231-96-8203,"8053 Brown Circle Apt. 404
Hullfort, GU 24593",Y,miles
98,Cheryl Mann,821-45-9746,"1573 Allen Drive
Vincentshire, AR 84068",N,hours
99,Sherri Sandoval,252-53-0411,"7771 Simpson Dam Suite 610
Pachecoberg, AZ 24897",Y,miles
100,Michele Williams,797-86-8117,"5425 Ashley Station
North Bradymouth, SC 43236",Y,hours
101,Dr. Erika West,740-14-1560,"244 Thomas Junction
West Samuel, NJ 55126",N,miles
102,Anna Bishop,340-96-8204,"498 Graham Garden
Cruzton, IA 40371",N,hours
103,Carol Todd,016-18-8383,"39613 Roberts Wall Apt. 892
North Taramouth, AL 27744",N,miles
104,Kelly House,711-83-1129,"8524 Sherman Glens
Lake Nicoleborough, NM 69184",N,miles
105,Samuel Brown,857-14-6915,"190 Olson Haven Apt. 234
Port Andrew, PW 35140",N,miles
106,Ryan Carey,822-74-3680,"08227 Williams Lane
Rodriguezville, NV 91830",Y,hours
107,Jordan Madden,303-48-3923,"4223 Mark Cape
Lake Josephview, MO 26101",Y,miles
108,Jeffrey Hoover,883-77-0467,"8532 Stephanie Vista
Lake John, ID 48425",N,miles
109,Vicki Henderson,809-69-5332,"0190 Gail Forest
North Katherineville, KS 78606",N,miles
110,Melanie Lee,044-23-7565,"3158 Burgess Parkways Suite 874
Port Sherrychester, SC 62592",N,hours
111,Michael Fisher,409-43-0926,"Unit 0430 Box 6117
DPO AP 08586",N,miles
112,David Garcia,589-30-1602,"4877 Foster Dale Apt. 121
New Jacquelineport, KS 04759",N,miles
113,Marcus Warren,021-64-8430,"5369 Joseph Green Suite 645
Robertshire, IL 96917",N,hours
114,Linda Kramer,550-14-0434,"494 Timothy Locks Apt. 622
North Brianshire, NH 29253",Y,hours
115,Karen Velasquez,475-61-9125,"3689 Williams Brook
Julieville, TX 20653",Y,hours
116,Joseph Davis,850-83-2379,"7519 James Plains
Amandatown, CO 25620",N,miles
117,Peter Roberts,449-63-4066,"202 Logan Gateway Apt. 642
Carolside, MT 46006",Y,miles
118,Charles Gonzalez,333-36-6101,"92209 William Extensions
Wilkinstown, AR 11474",N,hours
119,Bobby Kennedy,089-68-8069,"PSC 8453, Box 5625
APO AA 98717",N,miles
120,Stephen Dalton Jr.,668-93-9849,"352 Vincent Flats Apt. 907
Port Anthonymouth, AS 65171",Y,hours
121,Christina Wells,861-59-2677,"30010 Brian Harbor
Johnfurt, AR 43708",N,hours
122,Betty Oconnell,576-09-0718,"39539 Green Centers Suite 692
West Melissa, DE 70294",N,hours
123,Michael Sparks,118-62-9999,"3532 Howard Cape Suite 568
Meganbury, SC 02905",Y,hours
124,James Johnson,379-57-7347,"4945 Marcus Branch
South David, DE 35497",Y,hours
125,Ryan Garcia,378-16-4125,"6898 Benson View
Lake Theresa, WV 64211",Y,hours
126,Jordan Oconnell,698-12-2400,"Unit 0611 Box 9508
DPO AP 06050",Y,hours
127,Monica Cole,683-41-9026,"7189 Richardson Stravenue Apt. 135
Stevenhaven, OH 13468",Y,hours
128,Amanda Moore,763-76-6514,"6155 Kyle Way Suite 056
West Johnshire, IN 85718",N,miles
129,Heather Griffith,056-37-5922,"0649 Alexander Extension Suite 205
Christineborough, TX 78211",Y,hours
130,Patricia Whitney,843-41-2592,"22042 Anthony Fork
Stevenland, AZ 73966",N,hours
131,Norma Duran,330-08-6511,"9866 Mercer Village Suite 153
North Tracy, OH 85393",Y,miles
132,Kendra Hunt,474-12-9361,"9124 Earl Hill Apt. 282
South Christopher, VT 37492",N,miles
133,William Duran,481-86-4018,"32283 Ricardo Shoal Suite 871
Kleinstad, LA 31875",N,miles
134,Gerald Campbell,575-68-8635,"940 Joshua Isle
Charlestown, MA 47762",Y,miles
135,Mary Austin,042-18-0675,"6800 Mike Mission Apt. 878
Jeffborough, WI 64969",Y,hours
136,Tara Turner,797-65-9771,"5723 Franklin Ports
East Jesseville, UT 17105",N,hours
137,Brandon Klein,024-67-6700,"7941 Allison Path
Wilsonchester, MN 54181",N,miles
138,Walter Hernandez,333-18-7107,"13325 George Roads
Mitchellhaven, OR 34328",Y,hours
139,Leonard Rivera,818-42-7162,"USS Lopez
FPO AP 70930",Y,hours
140,Antonio Simpson,210-07-6769,"179 Dustin Springs
New Brandonstad, IN 85195",N,miles
141,Logan Nelson,200-75-5775,"8171 Erik Light Apt. 575
Calebhaven, GU 56631",N,miles
142,Kim Brown,197-31-4746,"401 Jennifer Locks Apt. 883
Micheleport, VA 75420",N,hours
143,Scott Cruz,607-95-3037,"9881 Jason Mount
Smithport, AR 18175",N,miles
144,Lori Lyons,174-27-6962,"57773 Davis Prairie Apt. 605
Alexandertown, VA 50557",N,miles
145,Grant Reeves,834-57-7757,"4256 Graham Walks
Davidchester, NC 71232",Y,hours
146,Rebekah Green,579-87-3812,"943 Heather Union Apt. 628
Robinsonland, KS 32112",Y,hours
147,Amanda Roach,812-41-7053,"8453 Flores Knoll Apt. 816
Jessemouth, WV 99674",Y,hours
148,Gabriella Alvarez MD,336-97-7739,"7563 Osborne Loop Suite 688
Perezstad, OH 37851",N,hours
149,Bridget Owen,714-68-5715,"PSC 8924, Box 8431
APO AE 29125",Y,hours
150,James Branch,403-98-9960,"79144 Miller Lake
Lopezborough, MN 21095",Y,hours
151,Tanya Hunter,359-07-1862,"39093 Arnold Spur Suite 668
Russellland, KY 06090",N,hours
152,Taylor Hill,447-55-4008,"1860 Stokes Circles
New Kevinfort, WY 80607",N,miles
153,Kimberly Klein,652-23-1735,"384 Mason Hills
Fordburgh, PA 81241",N,miles
154,Patrick Young,740-21-7943,"0513 Patricia Grove
South Davidhaven, DC 97274",N,hours
155,Kimberly Brennan,592-45-4985,"579 Alexander Lights
Thomasfurt, ID 49494",Y,hours
156,Henry Webb,606-58-4554,"0033 Maria Isle
Jonathanton, VA 91739",Y,hours
157,Amy Murphy,310-85-4721,"540 Moran Circle
East Ronaldfort, WV 74376",Y,miles
158,Helen Stewart,583-59-4936,"531 Estrada Mill
East Timothy, PW 03581",N,hours
159,Alexandra Everett,714-01-2660,"420 Matthews Burgs
South Julie, IA 04432",N,hours
160,Jordan May,413-94-7275,"70375 Dalton Forges Apt. 651
Paulastad, MO 81051",N,miles
161,Dan Smith,824-91-7273,"41297 Bowman Locks Suite 219
East Brookeville, TN 03555",Y,hours
162,Diane Pitts,455-90-6243,"33620 Copeland Forges
South Christopher, ND 29546",Y,hours
163,Janet Phillips,826-08-4141,"Unit 2633 Box 8051
DPO AE 40646",Y,miles
164,Phyllis Barker,139-63-8328,"277 Sonia Run Suite 574
Patricialand, MS 26981",Y,hours
165,Melissa Martinez,239-52-7040,"4060 Herrera Squares
New Patricia, SD 19947",N,hours
166,Heather Campbell,667-57-2025,"75728 Brown Lane Apt. 146
Lake Anitafort, PR 71439",N,hours
167,Douglas Sanchez,286-35-7861,"758 Samuel Points Suite 152
Jasonstad, IL 88315",Y,hours
168,Kenneth Davis,007-53-6408,"0440 Norman Canyon Apt. 057
East Cory, AL 45948",Y,hours
169,James Boyle,429-74-5414,"1885 Eric Meadows Apt. 647
East Andreaside, PW 90492",Y,miles
170,Kelli Mason,741-45-1755,"257 Maria Stream Apt. 141
South Jimmyview, PW 81585",N,hours
171,Daniel Weaver,799-11-6346,"9668 Powell Pine Apt. 107
South Diana, DE 64797",Y,hours
172,Michael Gomez,696-08-4389,"036 Joseph Garden
New Julieberg, MH 18718",N,hours
173,Sabrina Richards,729-70-8466,"532 Paul Lane
Jacobfort, MD 37638",N,hours
174,Jackson Simpson,511-76-0710,"Unit 4071 Box 5525
DPO AE 98565",N,miles
175,Mario Spears,530-38-2112,"93679 Patricia Junction
East Matthewburgh, HI 63625",Y,hours
176,Katherine Lynch,860-05-8362,"9557 Michael Road Suite 579
Paulastad, OK 07797",N,hours
177,Samantha Thornton,512-20-7336,"80464 Wheeler Mountains Suite 210
Port Jonathan, NH 53217",Y,miles
178,Shelia Bauer,080-68-5859,"33774 Bishop Roads
Byrdfurt, MP 51356",Y,hours
179,Ashley Nicholson,071-40-2527,"9789 Kathleen Drive
Olivermouth, DC 47621",Y,miles
180,Benjamin Howe,018-03-8271,"619 Garrett Knolls
Dayfort, MO 41559",Y,hours
181,Amber Miller,393-53-8137,"Unit 6408 Box 5987
DPO AA 85248",N,miles
182,Joe Collier MD,282-57-9054,"29137 Amanda Islands
West Morgan, TX 34775",Y,miles
183,Amanda Rodriguez,089-66-0136,"9351 Paul Row
Mcknightberg, OH 78634",Y,miles
184,Kathryn Fleming,205-88-9980,"1329 Gonzalez Square
Quinnhaven, NC 24197",N,hours
185,Dwayne Yang,551-20-8368,"541 Coleman Isle Suite 576
Schneiderburgh, HI 19451",Y,miles
186,Arthur Crawford,408-91-1819,"9746 Contreras Way Apt. 859
South Samuel, AS 96015",Y,hours
187,Michael Walker,046-50-7618,"149 Lawson Valley Suite 934
New Michaelport, ME 72453",Y,miles
188,Jacob Jenkins,688-46-3712,"44620 Manning Isle
Lake Thomastown, PR 69367",N,miles
189,Laura Williams,747-02-3023,"143 Robert Mews Suite 885
Allenmouth, TX 47299",Y,miles
190,Elizabeth Parsons,352-49-7556,"6810 Cantu Inlet Apt. 633
New Yvonne, HI 12322",Y,hours
191,Kevin Fitzgerald,235-33-7094,"443 Miller Ways Apt. 940
South Jasonchester, MA 08763",N,hours
192,Christian Miller,192-51-4870,"58855 Teresa Haven
North Amyfort, AZ 78702",N,hours
193,Taylor Leonard,238-78-7137,"5522 Huynh Station Apt. 807
Lake David, MT 87747",N,miles
194,Robert Weeks,832-88-1036,"896 Tammy Glen
North Mitchell, GA 99510",N,hours
195,Erin Haynes,186-70-8937,"739 Stevens Ridges Suite 187
Vincentville, WI 76920",Y,hours
196,Jessica Rodriguez,175-03-7561,"816 Bradley Plain
Martinezshire, FM 97016",Y,hours
197,Alexander Kelley,635-12-1843,"26985 Amy Plain Suite 076
Matthewchester, OH 12894",N,miles
198,Tim Olsen,426-40-2522,"Unit 0581 Box 3830
DPO AP 13833",N,hours
199,Matthew Campbell,523-82-1735,"Unit 6289 Box 7363
DPO AE 99484",Y,hours
200,Sarah Freeman,683-58-1227,"1705 Gonzalez Tunnel Suite 592
North Lindatown, KS 82961",N,hours
201,Shannon Foster,688-56-8031,"575 Michael Mountain
Mckayshire, IN 93970",Y,hours
202,Ethan Sutton,207-24-1900,"1932 Johnson Oval Apt. 455
Gutierrezberg, DE 57135",N,hours
203,Sarah Anderson,585-28-8179,"010 Carrillo Ramp Apt. 959
Coxville, PA 58596",N,miles
204,Margaret Taylor,571-71-0043,"1427 Wright Coves
West Jenniferborough, TX 65877",N,hours
205,Jason Booth,590-84-3295,"655 Christopher Forges Apt. 577
South Jason, FM 93022",N,miles
206,Sergio Palmer,690-67-5223,"886 Turner Prairie Apt. 229
West Kelly, PW 16576",Y,miles
207,Karen Yoder,535-80-5868,"7501 Coleman Spur Suite 145
Lake Kyle, OH 22082",N,hours
208,Angela Williams,409-80-2084,"PSC 3708, Box 3815
APO AA 49677",Y,miles
209,Dawn Garcia,497-69-6183,"0285 Mcdonald Flat Suite 972
Connerland, IL 57644",N,hours
210,Victor Stephens,540-46-2906,"Unit 6968 Box 4992
DPO AP 77681",Y,miles
211,Jasmine Thompson,366-76-2880,"USNS Fitzgerald
FPO AP 64872",N,miles
212,Sabrina Peterson,818-90-7587,"986 Hernandez Row
East Natalie, NC 02100",N,hours
213,John Robertson,721-71-3677,"7164 Brandon Fork Suite 789
Howardside, PW 97303",N,miles
214,Jessica Forbes,714-41-6848,"062 Pena Summit
South Scott, FL 24233",N,miles
215,Laura Oliver,512-68-1788,"0211 Jennifer Landing
Webbbury, RI 14977",N,miles
216,Crystal Clark,214-08-8308,"6335 Benjamin Parkway Suite 396
Thomasmouth, AK 07549",Y,miles
217,David Wright,868-45-5139,"475 Scott Loaf
Bakerhaven, MT 61123",Y,hours
218,Dr. John Perry,051-27-2797,"7537 Ellis Ports
Alyssaton, GA 70093",Y,miles
219,Kathryn Vargas,672-71-6730,"525 Bolton Cove Apt. 383
Lihaven, MD 36117",N,hours
220,Bobby Webb DDS,055-47-7115,"4785 Connor Springs Apt. 235
South Danielle, NJ 83887",N,miles
221,George Jones,172-79-3186,"4031 Scott Mission Suite 511
Michellefort, MP 16595",Y,miles
222,Gordon Grant,297-60-2935,"454 Tracy Greens Suite 595
Aaronchester, FL 92085",N,miles
223,Brent Anderson,764-79-4054,"082 Morse Haven Apt. 845
Cookburgh, MO 30296",N,hours
224,Alyssa Brown,413-13-2701,"PSC 7737, Box 1260
APO AP 86522",Y,hours
225,Henry Salas,204-69-4409,"2573 Rodriguez Isle
Farmerburgh, WV 23186",Y,miles
226,Kimberly Cain,455-77-6101,"748 Curtis Squares Suite 012
Mannborough, AR 58488",N,hours
227,Diane Rodriguez,847-45-3705,"76561 Dale Island Suite 622
Jennifermouth, GU 31180",Y,miles
228,Dr. Paige Rodriguez,553-13-3758,"6415 French Springs Apt. 003
Jeffreyfort, NE 03473",Y,hours
229,Sherry Gordon,013-08-6459,"87369 Damon Squares
West Carrieshire, MH 48709",N,hours
230,Sean Lopez,875-98-7747,"0022 Jennings Ports
South Natashamouth, NV 04438",Y,hours
231,George Brown,495-70-3939,"7656 King Park Suite 267
South Lisa, NM 77995",N,hours
232,Christopher Contreras,874-85-2470,"322 Dorothy Valleys Apt. 161
New Robertberg, NC 38153",Y,miles
233,Sheila Rollins,515-18-4486,"928 Cisneros Mission
North Melinda, FM 67234",N,miles
234,Mary Bird,662-87-0154,"9326 Raymond View
Carrollside, OH 94257",Y,hours
235,Amanda Cohen,031-39-1430,"7136 Lambert Trafficway
Port Jason, AS 20539",Y,hours
236,Dan Spencer,306-97-6628,"04855 Melissa Drive
West Kyle, AS 08629",Y,miles
237,Lisa Taylor,230-03-6885,"333 Jacqueline Mountain
Shannonchester, MO 69692",Y,hours
238,Michael Black,604-24-3746,"1967 Christina Road
Adamsberg, MN 37906",N,miles
239,Sandra Collins,693-31-1642,"642 Adriana Views
Tuckerchester, MT 11711",N,miles
240,Rachel Williams,164-30-6280,"40087 Bryan Club Apt. 125
Jimmytown, NY 24151",Y,hours
241,Patrick Mcdonald,407-26-7352,"209 Stephanie Burgs Apt. 862
Hammondtown, AK 17830",N,hours
242,Stephen Hernandez,845-09-6130,"023 Bryant Isle
East Christopher, SC 12686",Y,miles
243,Dana Mendez,767-90-3650,"9042 Davies Mount Apt. 221
East Philipville, KY 93693",N,miles
244,Jennifer Davis,132-60-7475,"476 Phillips Key Apt. 479
Lake Charles, MP 94832",N,hours
245,Troy Hall,005-49-5860,"41602 Rachel Meadows
Fisherfort, SD 39846",N,hours
246,Cathy Mcclain,693-63-5850,"41132 Kristen Gateway Apt. 056
Brooksshire, CT 73187",Y,hours
247,Emily Mccarthy,106-58-7301,"9556 Douglas Curve
North Taylor, VI 97548",Y,hours
248,Heather Harrison,572-94-5797,"17498 Dunn Harbor Apt. 711
Dianahaven, OH 38567",Y,hours
249,Thomas Preston,527-52-6113,"15758 Andrew Burgs
Nicoletown, UT 64735",Y,hours
250,Dr. Gilbert Allen DDS,787-79-8905,"1371 Long Island
Lake Jamieshire, IL 18853",Y,hours
251,Eddie Jones,802-14-2136,"77230 Butler Route
Jenniferview, ME 95597",Y,miles
252,Brian Miller,633-04-9449,"0642 Bush Groves
Port Nicoleview, CO 67166",Y,hours
253,Adam Colon,742-07-3109,"1773 Grimes Path Apt. 272
Tranchester, ND 88398",N,hours
254,Lisa Robbins,880-80-7670,"Unit 7993 Box 3518
DPO AE 73701",Y,miles
255,Richard Wyatt,539-87-4628,"4171 Myers Street
Port Dylan, OR 26582",N,hours
256,John Phillips,361-90-1212,"Unit 7946 Box 5309
DPO AE 38222",N,miles
257,Mary Doyle,025-24-5634,"Unit 6640 Box 1647
DPO AA 46321",Y,miles
258,Dr. Erik Morris,283-74-6289,"USS Mcgee
FPO AP 67025",N,miles
259,Richard Barrera,560-55-6286,"PSC 8850, Box 7415
APO AA 46810",N,hours
260,Angela Nicholson,600-90-9876,"745 Walsh Greens Apt. 484
Timothyhaven, MD 49559",N,miles
261,Adam Warren,461-39-0664,"7040 Chung Trafficway
East Kathryn, MP 36601",Y,miles
262,Monica Campbell,688-94-6953,"04046 Tracy Ranch
Williamchester, NJ 79672",N,miles
263,Gary Avila,063-58-9268,"22977 Ronald Square Suite 143
Port Patrick, MS 67527",Y,miles
264,Susan Martinez,742-43-4990,"PSC 5044, Box 5272
APO AE 45269",N,hours
265,Michael Freeman,127-33-9254,"9794 Evans Freeway
Lake Michaelfort, VT 92641",Y,hours
266,Robin Nelson,388-35-7103,"8673 Mann Cove Apt. 135
Kimberlyfort, SC 13366",N,miles
267,Dana Taylor,035-96-3239,"1478 Phelps Field Apt. 770
Lake Rachaelview, TX 12785",N,hours
268,Danny Hamilton,264-16-9147,"PSC 0990, Box 5537
APO AP 08329",Y,hours
269,Michelle James,691-39-2096,"60663 Walsh Extensions
Millertown, KS 55592",N,hours
270,Nicholas Brooks,565-49-7004,"20275 Miller Centers
Lake Kristinhaven, DE 97812",Y,hours
271,Mark Munoz,274-27-1761,"42812 Suzanne Plain
Chelseaberg, MP 73803",Y,miles
272,David Dominguez,782-25-4747,"250 Erica Terrace
South Christian, NC 23781",Y,miles
273,Mario Kelly,857-13-9115,"Unit 8745 Box 7557
DPO AA 17245",Y,miles
274,Thomas Kent,470-63-5117,"572 Austin Village
South Jaime, CA 06932",Y,miles
275,Caroline Huff,380-78-6765,"4384 Grimes Fork Apt. 018
Hurleyborough, FL 49090",N,miles
276,Kristina Wilkinson,411-46-7156,"0825 Kathleen Forest Apt. 592
Port Thomas, CA 16347",Y,hours
277,Joshua Kim,144-44-4571,"58015 Jonathan Skyway Apt. 023
South Paulmouth, RI 02247",Y,hours
278,Melissa Cook,521-94-1907,"249 Bennett Harbor
West Tylerchester, WY 34964",N,hours
279,Anthony Johnston,898-36-6585,"7566 Sanders Circle
Williamsport, OH 77255",Y,miles
280,Christopher Fleming,782-01-5663,"Unit 5899 Box 3384
DPO AP 52301",Y,hours
281,Victoria Beck,749-87-4943,"36310 Jason Center
Robertstown, DC 14843",Y,hours
282,Bryan Miller,225-97-9726,"10532 Sandoval Wells Suite 122
Davisburgh, KY 07471",Y,hours
283,Jessica Larson,452-19-9738,"2278 David Branch Suite 529
Hoffmanborough, NE 33036",Y,hours
284,Robert Gill,028-58-4114,"6457 Karen Lodge Apt. 820
Dawnfort, MN 27156",N,miles
285,Leonard Brown,114-66-5671,"4985 Henry Spring Suite 352
Lisaberg, MT 92550",N,miles
286,Gary Townsend,537-18-0092,"0278 Tammy Plain Apt. 942
New Nicholasmouth, MH 74557",Y,hours
287,Adriana Fuller,532-91-2914,"Unit 1064 Box 6299
DPO AP 90860",Y,hours
288,Laura Williams,879-48-8025,"878 Gomez Street
Port Jason, NJ 45322",Y,miles
289,Sherry Fisher,093-18-9786,"034 Robert Mountain
Danielton, CO 12032",N,hours
290,Ashley Berry,738-87-0163,"Unit 3684 Box 7238
DPO AP 62020",Y,miles
291,Jeffrey Wright,128-06-7321,"USNV Strickland
FPO AP 41159",Y,hours
292,Jennifer Ali,045-07-4902,"0658 White Viaduct Apt. 126
Smithborough, CT 55475",Y,hours
293,Dana Valdez,803-51-3603,"5881 Chambers Vista Apt. 612
South Ashleybury, WY 56944",Y,hours
294,Brittany Ramirez,213-40-5940,"7818 Michael Pass Suite 564
South Susan, MS 48322",N,miles
295,Sarah Fernandez,090-99-8567,"5343 Jennifer Plaza
North Natalie, DC 75976",N,hours
296,Shelby Evans,493-45-2421,"06512 Kathleen Run Apt. 552
New Bruce, MI 01633",Y,hours
297,Kristin Miller,289-86-9387,"344 Sara Plains
Lake Kristinberg, CA 93354",Y,miles
298,Kaitlin Garcia,764-25-7227,"327 Rachel Lights
Michaelport, IA 30037",Y,miles
299,David Howell,692-32-6178,"9420 Ronnie Camp Apt. 952
West Willieville, NM 30766",N,miles
300,Jennifer Torres,620-38-5018,"32649 Robin Stravenue
West Steven, NV 17543",Y,hours
301,James Arnold MD,410-01-9029,"991 Kimberly Green Apt. 052
Laurieborough, MO 48521",N,hours
302,Jack Christensen,015-58-3247,"3927 Smith Extension
East Danielfort, HI 03131",Y,miles
303,Tonya Campbell,433-21-8450,"01410 Carter Hollow Suite 201
Simston, ND 02779",N,miles
304,Jean Wang,408-86-3323,"522 Bridges Squares
Hortonstad, LA 98096",Y,hours
305,John Jimenez,064-64-1301,"PSC 1063, Box 5996
APO AE 50696",Y,miles
306,Andrew Romero,321-33-4095,"2362 Christina Lakes Suite 260
Bakershire, AS 62022",Y,miles
307,Zachary Reed,691-62-0911,"06211 Garrett Turnpike Suite 419
North Carrie, MI 33121",Y,hours
308,David Miller,747-08-2033,"41120 Leslie Valley Suite 466
Adamsfort, DE 34656",N,hours
309,Ryan Lucero,710-74-9428,"0850 Murillo Rapid
South Edwardville, DE 51430",Y,hours
310,Oscar Morris,741-95-0121,"871 Julie Park
East Andrewmouth, MT 21019",N,miles
311,Jennifer Alvarez,259-72-6042,"496 Jackson Road
South Michael, TN 71163",N,miles
312,Joseph Crawford,678-09-2759,"282 Mitchell Valleys Apt. 270
North Cheryl, AZ 31394",Y,miles
313,Madison Lopez,380-97-8879,"772 Eric Ford Apt. 218
Marktown, KS 17887",Y,hours
314,Nicole Hubbard,180-31-4081,"8725 Carter Circle Suite 596
Davidmouth, HI 66969",N,hours
315,Dwayne Frey,038-89-0688,"57746 Jason Point
New Christina, CO 67130",Y,hours
316,Steven Roth,213-01-9481,"3617 Garrett Roads Suite 352
North Bobbyfort, VT 31768",Y,hours
317,Patrick Thompson,273-59-6567,"Unit 6013 Box 2451
DPO AA 19151",N,miles
318,Mark Patterson,874-38-3551,"886 Heather Club
North Debbie, AZ 15472",Y,miles
319,Bonnie Blackwell,741-59-6109,"99730 Heather Hill
Esparzaland, AS 96751",N,hours
320,Shawn Mcguire,232-85-9286,"410 Palmer Forges Suite 449
Davidchester, WY 06435",N,hours
321,Joe Ruiz,225-70-7169,"046 Christine Ports Apt. 574
New Albertside, NH 13700",Y,miles
322,Nancy Chen,590-12-5972,"2855 Kathleen Cape
Yvonnestad, ID 12097",Y,miles
323,Jay Johnson,712-81-1861,"141 Deborah Ridge
Tonyaburgh, PW 43773",Y,hours
324,Brandon Jones,709-95-2796,"USCGC Jones
FPO AE 69643",N,hours
325,Nicholas Owens,611-70-1353,"1529 Spears Viaduct Suite 744
Abigailton, DC 12792",Y,miles
326,Mary Gibson,275-49-4323,"23790 Nicholas Ville
Lake Larry, CO 79358",Y,hours
327,Jerry Nelson,379-95-0934,"63822 Alisha Lodge
East Michael, PA 68385",N,miles
328,Brent Melendez,417-82-4180,"PSC 6423, Box 1611
APO AA 08632",Y,hours
329,Veronica Roman,440-86-2903,"448 David Orchard Suite 395
West Kristin, AK 08048",Y,miles
330,Frank Jordan,538-36-1326,"84220 David Greens
Port Christopher, GU 11211",Y,miles
331,Tanya Williams,584-90-7189,"852 John Squares Apt. 781
Jamestown, FM 50571",Y,hours
332,Kenneth Fitzgerald,377-81-2129,"4845 Webb Circle
Shannonchester, NE 19510",N,hours
333,Jennifer Jackson,535-94-6692,"62525 John Dam
Taylorstad, ID 04053",N,miles
334,Carolyn Gonzalez,428-50-1533,"6600 Christopher Squares
Ronaldfurt, CT 41308",N,hours
335,Ian Mills,242-42-5260,"000 Laura Fort
Yatesbury, OR 15812",Y,miles
336,Timothy Perez,685-07-4466,"236 Summers Street Apt. 514
New Matthew, AL 18104",Y,miles
337,Dana Schmidt,306-59-7531,"PSC 8323, Box 0355
APO AA 88384",Y,hours
338,Andre King,865-81-8491,"5813 Paul Ridge
South Stacey, VI 88263",N,miles
339,Amber Wu,783-45-3174,"Unit 6938 Box 9068
DPO AP 34177",N,hours
340,Antonio Blair,133-87-3046,"PSC 2991, Box 8518
APO AA 63087",N,miles
341,Joshua Morton,837-09-2729,"856 Martin Plains Apt. 469
East Heather, PW 21570",N,hours
342,Robin Armstrong,732-07-9469,"Unit 7602 Box 5664
DPO AE 92736",N,miles
343,Brenda Flores,886-21-5297,"724 Samantha Well
West Anna, MP 90049",N,miles
344,Brenda Rodriguez,213-80-9345,"14555 Alejandra Courts Apt. 050
Macdonaldfurt, WI 09806",Y,hours
345,Edward Porter,631-91-0062,"7765 Carlson Highway Suite 159
Lake Kenneth, LA 85736",N,miles
346,Ronald Wallace,189-54-7122,"749 Davis Island
Newtonview, WV 20673",N,hours
347,Casey Ray,038-42-1244,"4594 Macias Loaf Suite 497
Lake Scottport, KS 23849",Y,miles
348,Amy Christian,704-48-9150,"30651 Davis Parkway Suite 890
Pateltown, ND 51472",N,hours
349,Edward Yates,403-45-7815,"724 Moore Stravenue Suite 287
Jonathanberg, WA 80061",N,miles
350,Peter Green,786-43-8716,"640 Elizabeth Ridge
Jaredberg, LA 07329",Y,hours
351,Rodney Miller,644-41-5215,"28874 Harris Ranch
Greenhaven, VA 06352",N,miles
352,Kimberly Russell,464-61-0943,"1609 Gregory Crossing Suite 582
Robinsonmouth, MN 77033",N,miles
353,Dale Levine,140-08-5119,"632 Daniel Bypass Suite 445
West Carlaborough, CT 40646",N,miles
354,Melissa Nicholson,014-29-8998,"58270 Dana Points Apt. 897
Blackview, AL 99926",N,hours
355,Timothy Joseph,626-71-3837,"4197 Crystal Highway
Port Jessica, TX 65029",Y,hours
356,Seth Gray,271-32-4310,"0410 Payne Islands
North Derrick, WA 77425",N,miles
357,Mallory Vazquez,021-51-3758,"833 Angela Key Apt. 848
Port Robert, ND 94374",N,miles
358,Jordan Middleton,597-58-2578,"040 Sheryl Point
South Jack, NH 48387",N,hours
359,Heather Mahoney,103-88-2964,"3479 Steele Curve Apt. 519
Lake Kevinmouth, VA 76115",Y,hours
360,Angela Walters,503-47-7893,"04653 Melissa Pass
Stevensside, NE 23348",N,hours
361,Bradley Harrison,307-79-9972,"6288 Sarah Squares Suite 835
Karenville, OR 58454",N,miles
362,Rhonda George,360-39-4567,"21777 Randy Stream
Lake Travis, OK 14179",N,hours
363,Brittany Torres,212-32-6299,"PSC 9773, Box 3645
APO AE 24198",Y,hours
364,Michael Hayes,230-59-7520,"2446 Shannon Street
Ryanview, SD 29398",N,miles
365,Heather Bullock,743-49-0754,"98736 Amy Highway Suite 304
Scottport, HI 19155",Y,miles
366,Rachel Velez,423-91-0300,"7231 Mcdaniel Causeway
East Johnny, VT 84015",Y,miles
367,Michaela Richards MD,132-10-1938,"355 Julie Hill Suite 830
South Crystalbury, AS 38295",Y,hours
368,Justin Wagner,750-38-0030,"5292 Haley View Suite 021
Chavezside, VI 41043",N,miles
369,Eugene Smith,360-60-9391,"62080 Ross Meadows Apt. 116
New Marychester, ID 25409",Y,miles
370,Jesus Lee,373-93-3260,"2034 Roberts Extension
East Jason, MP 59012",Y,hours
371,Monica Martinez,862-26-2537,"PSC 0328, Box 3695
APO AP 70750",N,miles
372,Angela Rivera,567-82-8096,"599 Garcia Burg Apt. 810
West Regina, WY 01345",N,miles
373,Lori Walker,129-99-3153,"961 Cardenas Square Suite 902
Ramseyborough, NJ 11469",Y,miles
374,Donald Copeland,156-98-9377,"7940 John Branch
Stoneberg, MI 70680",Y,hours
375,Jennifer Choi,855-19-7958,"74238 Wagner Unions
Lake Jeffreymouth, WY 64018",Y,hours
376,Yvonne Allen,775-62-3771,"92666 Sandra Keys Apt. 698
Heatherberg, RI 07078",N,miles
377,Susan Boyd,760-66-0025,"4488 Margaret Fords
Joseport, CO 12495",Y,hours
378,Wendy Valentine,518-58-0545,"3549 Garner Corners
East Johnview, AL 85561",N,hours
379,Susan Chaney,381-62-7072,"618 Amy Harbors
Johnton, GA 09818",N,hours
380,Antonio Adams,466-01-3668,"8520 Ali Street
Patriciamouth, AK 57293",Y,miles
381,Kellie Hodge,349-63-2846,"97879 Diaz Prairie
Lake Bethany, MH 16475",Y,miles
382,Linda Williams,315-14-4173,"715 Harper Plaza
Bauerview, FM 09168",Y,hours
383,Brandon Gonzalez,559-65-9086,"54920 Jeffrey Keys Apt. 924
Taylorborough, TN 93271",N,hours
384,Mary Acosta,861-46-1921,"094 Michael River Apt. 168
Lake Matthew, GA 37724",N,hours
385,Justin Hurst,218-63-6708,"08075 Barnes Corners
Annemouth, PW 86772",Y,hours
386,Joy Bauer,752-14-3457,"148 Samuel Street Apt. 942
Shieldsmouth, NY 24905",N,miles
387,Paige Osborn,066-11-1286,"7358 Scott Divide Apt. 994
Kathrynview, OK 03250",Y,miles
388,Courtney Miller,395-58-6913,"857 Pamela Station Apt. 692
Frederickland, NJ 48463",Y,hours
389,Jennifer Bernard,641-29-1268,"4623 Jonathan Crossroad Suite 121
Mcdonaldview, UT 79755",N,hours
390,Shirley Wilson,284-50-0195,"727 Alvarado Burg Apt. 436
South Andreamouth, IL 63526",N,miles
391,Kevin Smith,869-36-9678,"56430 Meyer Street Suite 108
Millermouth, PR 41138",Y,hours
392,Roger Heath,621-43-8836,"9060 Stacy Trail Apt. 504
Quinnview, OH 72356",N,hours
393,Nathaniel Brooks,035-61-7263,"USNV Allison
FPO AA 77659",Y,hours
394,Mark Middleton,533-65-4447,"83495 Miller Wells
East Annton, VT 72818",N,miles
395,Sharon Reynolds,624-89-8021,"7901 Amanda River Apt. 520
Lopezshire, VA 05978",Y,hours
396,Jose Lewis,869-19-4616,"USNV Richards
FPO AP 95765",Y,hours
397,Kathleen Lucero,349-06-5737,"4851 Scott Lakes Suite 763
Port Jamie, AS 49566",Y,hours
398,Robert Gomez,475-50-0947,"33708 Morrison Mission Suite 724
East Bonnie, AL 23995",N,miles
399,Roy Young,513-46-7744,"PSC 8975, Box 2778
APO AP 85143",Y,miles
400,Pamela Davis,241-94-9251,"116 Smith Walks
North Glendatown, NC 43192",N,miles
401,Tara Lara,855-34-6633,"190 Gordon Cape
Port Kayla, HI 46866",N,hours
402,Kathryn Martinez,237-61-0373,"2192 Coleman Station Suite 880
Lake Alisonland, WY 17576",N,hours
403,Angela Payne,663-77-8277,"63621 Heather Alley Suite 550
Wilsonhaven, AR 15176",Y,hours
404,Kathleen Kelly,361-84-3221,"73481 Clark Alley
Alvaradoberg, ID 36684",N,hours
405,Andrew Parks,640-79-6311,"PSC 1963, Box 6569
APO AA 09873",N,miles
406,Jennifer Cline,361-84-8705,"726 Smith Square
Susanmouth, DE 25129",Y,hours
407,Adrian Hurst,377-42-0871,"USCGC Torres
FPO AP 38698",Y,hours
408,Aaron Pugh,166-51-6669,"80415 Bryan Vista
West Marissaberg, MD 07041",N,hours
409,Harry Miller Jr.,490-67-5665,"75813 Jennifer Ridge Suite 291
Reynoldsberg, KY 20271",N,miles
410,Raymond Hernandez,462-40-8206,"81746 Jacqueline Pass
Port Josephburgh, MP 98095",N,miles
411,Kristy Lowe,751-82-9483,"1497 Lam Mews Apt. 962
Brandonfort, OK 16449",N,miles
412,Dalton Henry,545-18-2942,"004 Walter Mall
Jenniferberg, FM 40112",N,miles
413,Dylan May,023-48-0556,"8609 Bishop Bridge
Cummingsmouth, CT 63385",Y,hours
414,Daniel Ramos,349-89-4912,"085 Susan Plains
South Paulaport, TX 96219",Y,hours
415,Timothy Hernandez,481-83-8521,"4673 Sanders Coves Apt. 528
Feliciahaven, MS 89851",N,miles
416,Micheal Fleming,852-30-1378,"Unit 1082 Box 8458
DPO AP 34953",N,miles
417,Tracey Stein,296-03-1945,"3798 Payne Corner
North Robert, WI 65031",Y,hours
418,Elizabeth Lewis,083-54-5840,"1807 Elizabeth Prairie
Jenniferview, UT 78344",N,miles
419,Erika Sellers MD,890-17-0725,"919 Michelle Camp
Martinezview, LA 68864",Y,hours
420,Samantha Clark,141-37-0577,"4680 Melissa Flat
Maystown, GA 08444",N,miles
421,Melinda Baker,838-57-1780,"0311 Maxwell Gardens Suite 950
Lindastad, UT 67801",Y,hours
422,John Fields,173-13-5479,"Unit 4675 Box 7302
DPO AE 33297",Y,hours
423,Michelle Grimes,374-60-2042,"272 Sandra Cape Apt. 203
South Sherry, VI 87305",N,miles
424,Kimberly Pena,822-74-9601,"184 Victor Port
Casemouth, KS 08445",N,miles
425,Joan Berry,556-05-0050,"52741 Jacob Causeway
Lake Randy, NJ 27801",Y,hours
426,Logan Washington,299-80-1642,"112 Ross River
East Amandastad, AZ 37077",Y,hours
427,Kenneth Little,297-47-6544,"585 Danielle Path
Maloneside, HI 16037",Y,hours
428,David Montgomery,885-46-9638,"Unit 5804 Box 7922
DPO AE 61482",Y,miles
429,Timothy Key,684-10-5657,"074 Andrea Ridge
Port Shari, AR 94406",Y,hours
430,James Torres,520-38-4319,"280 Harry Terrace Suite 691
Davidbury, TX 48981",N,hours
431,Steven Newman,267-21-9146,"521 Ryan Run Apt. 602
South Heatherfort, CA 21291",N,miles
432,Julia Holland,003-06-3200,"USNS Mays
FPO AE 12980",N,hours
433,Angela Shaw,545-88-5618,"205 Kathleen Alley
Lake Johnny, FM 01603",Y,hours
434,Linda Campos,551-77-0095,"38561 Zachary Burg Suite 883
Sweeneyland, NM 03887",Y,hours
435,Alec Young,157-01-2310,"00536 Wilson Spring
West Kevinland, KS 43599",Y,hours
436,Morgan Thomas,588-11-9070,"822 Pitts Ranch Apt. 111
Port Kirstenport, MP 39247",N,miles
437,David Richards,894-21-8273,"94969 Salazar Circle Suite 921
East Cynthiaburgh, RI 51103",N,hours
438,Alicia Bentley,649-01-2360,"7811 Robin Roads
Lake Joseph, AZ 17979",N,miles
439,Mary Trevino,710-67-4837,"281 Christina Trail
Garciaside, VT 01432",Y,hours
440,Dwayne Robinson,642-11-9512,"6789 Mckay Street
North Amberview, SC 43836",N,hours
441,Janice Butler,626-64-7343,"PSC 4664, Box 8093
APO AE 83048",Y,miles
442,Denise Le,117-23-5560,"USNV Price
FPO AE 48302",N,hours
443,James Robertson,285-45-4391,"6390 Krystal Junctions Suite 285
Denisemouth, LA 49148",N,miles
444,Janet Petersen,763-64-2593,"66031 Arroyo Pine Suite 330
Lake Kellyfort, NJ 17415",N,miles
445,Alexis Matthews,581-14-3902,"324 Torres Underpass Suite 695
Millerburgh, AS 60734",N,hours
446,Leah Carrillo,012-44-6773,"350 Ryan Forges
South Geraldbury, WV 65686",Y,miles
447,Leslie Ali,108-72-8901,"250 Pearson Roads
Castroview, NM 61114",N,hours
448,Eric Diaz,353-50-6673,"79213 Allison Trail
North Patrick, CA 65626",Y,hours
449,Sonya Stewart,806-41-3600,"34277 Randall Valleys Suite 231
East Anthony, SD 97437",N,hours
450,Cameron Delgado,807-89-4638,"56937 Miller Rapids Suite 299
Blackwellville, IN 35134",Y,miles
451,Jessica Hayes,342-38-5299,"40140 Sarah Radial
Lake Ericside, OR 19046",Y,hours
452,Aaron Woods,173-41-2701,"963 Monica Forges
Johnside, TX 94055",N,hours
453,Danny Wilkins,608-27-4986,"073 Elizabeth Wells
East Jennifer, MI 73128",Y,hours
454,Victor Zimmerman,377-43-0748,"307 Vega Courts Suite 462
New Jenniferside, NE 23884",N,miles
455,Kimberly Johnston,111-22-3912,"56899 Hess Ports
South Kimberlyport, CA 63418",Y,miles
456,William Winters,598-79-7183,"262 Lee Land
Heatherhaven, ND 15147",N,hours
457,Brian Robles,781-90-4815,"4661 Justin Squares
Martintown, CO 41660",Y,hours
458,Charles Ramirez,700-63-5251,"7728 Phillips Island Apt. 971
Stevenhaven, NC 38135",N,hours
459,Emily Jackson,045-77-9027,"6232 Carlos Gateway Suite 539
South Micheleville, MN 51106",N,miles
460,Mary Allen,555-28-3223,"4295 Renee Turnpike Suite 190
New Mario, IL 67676",Y,hours
461,Steven Johnston,174-40-0937,"1622 Gibson Rapid Suite 661
New Kevin, WA 97987",N,miles
462,Kevin Smith,116-12-5878,"051 Davis Throughway
Marystad, FL 92099",N,miles
463,Andrea Swanson,742-95-0135,"7945 Dodson Landing
Lake Markfort, MA 49700",Y,hours
464,John Bean,551-12-8790,"62435 King Road
Lake Johnhaven, IL 63920",Y,hours
465,Susan Jones,112-36-5508,"688 Payne Rest
Lewisview, PA 05905",Y,hours
466,Nicholas Collins,312-43-7256,"718 Sharon Shore
Mayofurt, OH 26680",N,miles
467,Michael Rush,379-22-3199,"USS Thomas
FPO AE 84988",N,miles
468,Mariah Murphy,136-14-7039,"8373 Andrew Mill
Crystalfort, FM 03254",N,hours
469,Jennifer Barnett,223-42-7049,"80434 Jones Well
Phillipsfort, FM 23525",N,hours
470,Patricia Munoz,131-04-6581,"685 Padilla Passage
Troyfort, MN 51995",Y,miles
471,Tasha Brooks,820-76-9841,"59269 Leslie Way
North Whitneyhaven, AK 67343",N,hours
472,Tracy Baker,452-06-6593,"88777 Laurie Harbor Apt. 804
West Karen, WY 82817",Y,miles
473,Shannon Zavala,774-40-4792,"44119 Lewis Radial
Stevenfurt, TX 21884",N,hours
474,Gina Hoover,764-73-6692,"81181 Edward Drive Suite 739
Port Crystalland, VA 88647",Y,hours
475,George Guerra,553-23-4541,"018 Davis Expressway Apt. 911
Jonesfort, VT 90986",Y,hours
476,Erik Murray,447-42-8479,"245 Myers Curve Apt. 369
Bethville, WA 93205",Y,hours
477,Alison Hanson,855-45-2388,"100 Veronica Ranch Apt. 454
Lefurt, AR 27249",N,hours
478,Jessica James,398-69-7154,"8574 Bishop Oval
Cartermouth, NY 51563",N,miles
479,Mary Welch,557-05-7692,"00227 Johnson Divide
West Dustinton, MD 84126",Y,miles
480,Bruce Sanders,386-46-6059,"5517 Michael Wells
Cookside, VT 99596",N,hours
481,Dustin Moss,303-53-9263,"72713 Raymond Fords Suite 280
New Dianetown, NY 21017",N,miles
482,Nicole Lutz,358-93-2967,"537 Lopez Terrace
Rodriguezton, RI 51204",N,miles
483,Jennifer Shea,710-80-2343,"4297 Nielsen Ridges Suite 373
New Jamesville, VT 30884",Y,miles
484,Michael Chang,323-10-8665,"1210 Joshua Loop
Ericberg, VA 56799",N,hours
485,Ashley Wood,355-79-3445,"46492 Johnson Falls Suite 575
North Joshuaburgh, NM 17366",Y,miles
486,Whitney Taylor,129-09-4453,"22300 Pamela Overpass Suite 160
Lake Collin, AK 20702",N,miles
487,Chelsea Harris,319-83-6524,"26215 Brandon Springs Suite 137
Port Kristine, UT 28253",N,miles
488,Lori Yu,855-29-8018,"7795 Frank Mission Suite 162
Lake Jonathan, VA 75548",N,miles
489,Lisa Jenkins,404-86-2811,"998 Billy Mill
South Meganburgh, WA 93929",N,miles
490,Joel Smith,187-87-3600,"2812 Thompson Drives Apt. 257
New Jonathanburgh, NY 27067",Y,hours
491,Daniel Reeves,002-24-7667,"80841 Mark Prairie Apt. 453
Lake Carolineberg, IN 29058",Y,hours
492,Curtis Singleton,019-25-1728,"361 Simpson Course Suite 477
North Brianbury, IL 22307",Y,miles
493,Monica Huber,170-57-2831,"490 Mike Parkway Suite 492
South Terry, UT 11273",N,hours
494,Sherry Patel,369-69-8455,"078 Todd Ports Apt. 928
Bergerhaven, IL 55741",N,miles
495,Sandra Williams DDS,457-05-8065,"USCGC Butler
FPO AP 41513",N,miles
496,Michael Martin,607-30-6007,"9609 Steven Isle Suite 198
South Sydneyton, WA 81013",Y,miles
497,John Herman,871-46-9686,"3347 Turner Common Apt. 075
Newtonfurt, MN 57848",Y,hours
498,Aaron Schmidt,697-25-3008,"6855 Lori Tunnel Apt. 054
North Stephanieville, PR 48483",N,miles
499,Alexandra Phelps,790-16-6340,"832 Huber Freeway Suite 539
Dennishaven, AR 32759",N,miles
500,Wayne Wolf,570-34-8217,"49161 Chad Falls Suite 124
Krauseside, AR 07466",N,miles
501,Daniel Terry,384-95-0668,"003 David Passage
Tonyamouth, NY 41864",Y,miles
502,Tammy Clark,117-88-8233,"41619 Christine Road Suite 443
Gardnerfurt, SD 85328",N,miles
503,Thomas Williams,465-94-2107,"09642 Parker Flat Suite 377
South Teresamouth, PA 11193",N,miles
504,David Prince,072-05-6944,"695 Turner Prairie
Rogersview, MH 79194",Y,hours
505,Abigail Martinez,108-30-4356,"9686 Watkins Flat Suite 931
North Lisaton, AS 73069",N,hours
506,Mark Martinez,134-76-0881,"434 Dawson Walk Suite 149
Woodardstad, SC 27237",Y,miles
507,Timothy Shepherd,842-78-7764,"15067 Mays Forest Suite 677
Michaeltown, ND 16147",Y,hours
508,Riley Jackson,736-54-2704,"02583 Jacob Loaf Suite 316
New Rebekah, FM 56780",N,hours
509,Jason Moran,133-80-2186,"913 Nancy Extension
Williamsstad, TN 09226",N,hours
510,Anita Perez,754-80-1665,"044 Lopez Stravenue Suite 232
Dianefurt, MT 01336",Y,miles
511,Dale Bowman,266-50-0218,"78463 Lopez Mission
Andreaton, KY 95421",Y,hours
512,Andrew Green,803-75-1214,"2980 Miller Wells
Port Kristineside, WV 44340",N,miles
513,Melissa Phillips,464-54-5303,"69609 James Viaduct
Austinfurt, AR 82756",N,miles
514,Clayton Hull,413-93-6593,"951 Christina Alley Apt. 247
Munozfort, ME 17017",Y,miles
515,Caitlin Chen,235-50-1181,"7868 Turner Radial Suite 688
Port Randy, HI 48421",N,miles
516,Mary Wyatt,315-90-3952,"466 Alexander Passage
Washingtonburgh, WA 60660",N,miles
517,Jennifer Foster,764-75-7491,"USNS Ford
FPO AA 27168",Y,miles
518,Ashley Johnson,855-72-3297,"Unit 2134 Box 5294
DPO AP 09901",Y,hours
519,Julia Johnson,224-19-8472,"6229 Alexandra Isle Apt. 928
Blakebury, VI 81963",Y,miles
520,Walter French,651-62-9144,"1290 Curtis Views
Williamtown, LA 42827",N,miles
521,Wendy Craig,129-38-0734,"6303 Marie Junction
West Carriemouth, GU 33748",N,hours
522,Daniel Gordon,219-10-8723,"PSC 9772, Box 4506
APO AA 65023",N,hours
523,James Cuevas,479-16-2076,"Unit 4878 Box 7242
DPO AE 74954",N,miles
524,Christopher Goodman,042-14-3543,"6202 Steven Village Apt. 102
Bryanside, NV 38712",N,miles
525,Jason Fisher,035-99-2596,"64452 Paul Key Apt. 782
Lake Dennis, LA 60200",Y,miles
526,Craig Jones,022-87-4296,"144 Angela Lock
Port Danielleport, PA 57140",N,miles
527,Susan Huynh,783-53-7919,"32596 Martin Viaduct Suite 178
Lake William, NH 82839",N,miles
528,Kimberly Young,127-23-8672,"817 Williams Grove
South Connieberg, NJ 77512",N,miles
529,Corey Smith,410-34-5438,"182 Berry Extensions
Goodwinmouth, NC 87874",N,hours
530,Crystal Gray DDS,476-79-9846,"19044 Pace Extension
Katelynland, ND 40033",N,miles
531,Anne Morgan,123-47-3476,"96709 Joseph Parks Suite 889
East Saraland, HI 95144",Y,hours
532,Jamie Blair,169-12-7178,"455 Amy Hill
Port Ravenberg, WI 93929",N,miles
533,John Erickson,036-39-9903,"85701 Brown Springs Suite 213
Greerhaven, ME 94587",N,miles
534,Danielle Rice,197-94-9899,"5306 John Forges
East Billy, AZ 17809",N,hours
535,Allen Joyce,184-42-8683,"8206 Christopher Springs
Kingport, AZ 65983",N,hours
536,Brian Martin,637-98-9246,"86796 Fitzpatrick Fields
South Michael, OR 75948",Y,miles
537,Elizabeth Lee,440-42-1392,"63208 Michael Extensions
Lisashire, ME 49767",N,miles
538,Joan Delgado,598-88-1245,"PSC 4472, Box 1577
APO AA 24924",Y,hours
539,Timothy Jones,554-79-6165,"459 Price Mission Suite 708
Davischester, MP 59730",N,miles
540,Theresa Sullivan,311-31-1122,"Unit 2425 Box 1301
DPO AA 30113",Y,miles
541,Gregg Brown,231-36-0846,"33227 Austin Walks
West Daniel, NY 81350",N,miles
542,Steven Day,739-38-0014,"3376 Peter Curve Apt. 703
South Marybury, MA 41100",Y,hours
543,Thomas Herman,308-88-0968,"39783 Michael Meadows
Ronaldview, RI 13782",N,miles
544,Donna Huff,650-42-6784,"6667 Kevin Ports
Lake Karenmouth, MP 03984",Y,hours
545,Darrell Edwards MD,630-25-2101,"43275 David Plains Apt. 975
West Nicoleport, NV 75818",N,miles
546,Richard Koch,131-72-0475,"0709 Tony Cliffs Suite 809
Anthonymouth, NV 49722",Y,hours
547,Javier Potter,358-87-8152,"1230 Shirley Tunnel Suite 728
Davilaborough, NY 38223",Y,hours
548,Wesley Morgan,424-35-1681,"9879 Morris Meadow
Rangelburgh, SD 94201",N,miles
549,Monica Thompson,778-05-5541,"98311 Jennifer Cliffs
New Robertville, IL 74614",Y,hours
550,Timothy Chambers,510-87-5590,"94402 Perez Ridge Suite 562
Scottstad, OR 63567",N,miles
551,Peter Hancock,238-89-0145,"967 Christopher Wall
Santosfort, MO 62184",N,miles
552,Charles Anderson,395-80-8002,"8208 Gray Drives Suite 409
East Cherylport, IA 87716",Y,hours
553,Amber Lopez,144-09-1042,"61676 Sutton Tunnel
Port Meganfurt, MS 45054",Y,hours
554,Troy Richardson,700-96-6370,"3005 Bright Views Apt. 345
Lake Melissaview, UT 97709",Y,miles
555,Michael Lee,669-23-7963,"3219 Flores Cliff
Lindaport, NM 80205",Y,hours
556,Amy Washington,198-55-1063,"32009 Matthew Path
Mccoyberg, WY 90937",N,hours
557,Kenneth Dalton,362-59-3174,"9960 Miller Center
New Sharonville, MA 68771",N,miles
558,Christopher Martin,127-44-7770,"914 Cox Alley
Ernestmouth, OH 07104",N,miles
559,Jessica Robinson,856-78-2983,"47500 Flores Stravenue Apt. 314
East Susan, TN 29312",Y,hours
560,Aaron Meyer,592-82-0656,"2299 Shaw Glen
Kennethberg, KY 74669",Y,hours
561,Tina Phillips,553-82-4444,"314 Sherri Islands
North Jay, UT 72956",N,hours
562,Jose Mcdaniel,881-47-1732,"712 Garza Street
North Anita, MA 01081",Y,miles
563,Tyler West,511-26-5231,"5280 Morris Freeway
Taylorview, OH 59575",N,hours
564,Nicole Edwards,818-88-1160,"9820 Steven Crest
West Jasonshire, NM 03436",N,miles
565,Daniel Hobbs,342-02-2249,"0385 Joshua Courts Suite 756
Nancyport, GA 38427",N,hours
566,Joseph Kennedy,450-14-4339,"01851 Vasquez Ranch
Port Nicoleberg, IN 27311",N,miles
567,Matthew Dalton,034-82-1741,"27424 Ronnie Mountain Apt. 381
East Laurafort, NJ 93670",N,miles
568,Aaron Harris,353-39-0345,"PSC 4112, Box 8564
APO AA 18704",Y,miles
569,Mathew Walker,284-69-3691,"3168 Elizabeth Station Suite 208
Port Jason, TN 85989",N,hours
570,Virginia Ramirez,862-08-0267,"2213 Jennings Place
East Nathanland, VI 65100",N,hours
571,Samuel Chapman,892-46-2509,"PSC 8893, Box 3108
APO AA 42371",N,miles
572,Michelle Murray,382-82-5527,"0625 Jessica Point
Mendozaport, PA 09394",N,miles
573,Daniel Jordan,127-48-1479,"9660 Andrew Summit
Boothstad, ME 78850",N,hours
574,Nicole Ball,852-58-6902,"343 Cook Ferry Apt. 490
South Mary, ID 27409",N,hours
575,Jessica Everett,453-66-0320,"PSC 0769, Box 4490
APO AE 04244",Y,miles
576,Dawn Warner,560-91-8226,"236 Patton Rue Suite 451
West Jaredfurt, CO 35384",Y,hours
577,Edward Wolf,365-72-7921,"994 Elizabeth Avenue Suite 184
Sethland, MT 52728",Y,hours
578,Wayne Thomas,485-53-6063,"Unit 1938 Box 2948
DPO AA 20996",N,hours
579,Brian Maddox,559-38-7709,"4608 Jonathan Plaza Apt. 654
West Maria, AR 46696",Y,miles
580,Michael Hines,441-66-9612,"103 Moody Spur
New Dominic, CT 32554",Y,miles
581,Melinda Powell,802-29-6768,"737 Evans Cove
New Benjaminburgh, TN 32321",N,miles
582,Joshua Rogers,583-02-2552,"44885 Caldwell Island
Virginiamouth, SD 91130",Y,hours
583,Clayton Simmons,205-63-8808,"24208 Lee Stravenue
West Davidhaven, SC 85447",N,hours
584,Sarah Porter,550-58-3756,"7830 Miller Fields
Silvaside, AL 24793",N,miles
585,Mr. Howard Hernandez,814-96-1121,"1329 Bennett Cape Apt. 480
South Jason, OH 85912",N,hours
586,Gina Johnson,459-51-3876,"8329 Jessica Prairie
Davischester, NY 94485",N,hours
587,Sydney Avila,677-60-9486,"0101 Ana Route
East Douglas, MS 97717",Y,miles
588,Timothy Gomez,766-08-7721,"40416 Matthew Well
Port Stephenchester, HI 02576",Y,miles
589,Robert Stevens,414-15-6201,"095 Davis Dam Suite 382
Wagnerfurt, DE 37886",N,hours
590,Mark Donaldson,163-86-0411,"35220 Ochoa Cliffs
Jaychester, NY 02952",N,hours
591,Debra Salazar,573-25-9828,"968 Curtis Roads
Hessbury, WV 61741",Y,hours
592,Charles Simon,679-46-6445,"6997 Arnold Branch
Lake Joseph, MT 20187",Y,miles
593,Holly Robbins,592-84-5110,"USS Poole
FPO AP 31965",Y,miles
594,Russell Harper,753-02-2723,"0117 Larry Fork Suite 915
Chasechester, LA 10540",N,miles
595,Keith Miller,005-86-0436,"97028 Salinas Circles
South Justin, FM 43454",Y,hours
596,George Powers,131-62-6970,"8141 Smith Trail Suite 784
North Jacquelineburgh, SD 81539",N,miles
597,Douglas Jones,872-36-4058,"94135 Miller Keys Suite 780
Norriston, PR 74125",N,miles
598,Victor Williams,096-63-4525,"00238 Brock Rapid
West Michael, CA 72896",N,miles
599,Eugene Shields,359-66-8977,"404 William Loop Suite 029
Kaneland, OR 85095",N,hours
600,James Best,724-11-3505,"8520 Raymond Drives Apt. 914
South Joseph, NE 16268",Y,hours
601,Maureen Mitchell,541-77-1651,"9725 Wright Highway Suite 506
South Christopher, MT 24098",Y,miles
602,Aaron Perez,809-30-6823,"4217 Heather Neck Apt. 590
Port Sandra, VT 87350",N,hours
603,Mark Barrett,708-21-8920,"082 Walton Ports
Martinburgh, AS 09741",N,hours
604,Kayla Williams,054-18-9175,"782 Vega Port Suite 826
Port Arthurborough, IA 87044",N,hours
605,David Roy,343-11-2337,"55217 Kramer Islands
Annafort, NH 26248",N,hours
606,Anna Jones,096-93-9668,"953 Matthew Extension
Parkerhaven, NJ 79222",Y,hours
607,Deanna Moon,335-47-6966,"8596 Lewis Neck Suite 791
Stephenfort, VA 03909",Y,hours
608,Jacob Pitts,857-02-6395,"550 Matthew Prairie
Garciamouth, CA 38983",N,hours
609,Taylor Phillips,827-04-7626,"PSC 1182, Box 8617
APO AP 70430",Y,miles
610,Robert Griffin,346-13-6455,"383 Kenneth Springs
Schroedershire, IL 33852",Y,hours
611,Terry Fowler,167-75-3291,"4287 Michael Parks Apt. 407
Lake Tammie, MA 01189",N,hours
612,Carol Thomas,826-56-9088,"0815 Davies Park
West Thomas, VI 19554",N,miles
613,David Burns,071-81-5831,"401 Graham Rapids
Youngport, CT 88376",Y,hours
614,John Davis,591-48-1459,"2397 Vasquez Stravenue
Phillipsside, NC 48013",N,hours
615,Michael Lopez,773-74-4100,"8699 Rodgers Plaza Suite 688
Parkfurt, FL 36617",N,hours
616,Debra Salas,564-05-5333,"4488 Deborah Pike Suite 579
Stephenshire, IA 33851",N,hours
617,Victoria Thomas,098-93-7128,"82801 Brown Hills Apt. 091
Burnsshire, AS 65530",Y,hours
618,Caleb Hall,503-94-5683,"579 Albert Drive Apt. 964
Robertview, GA 41238",Y,miles
619,Jacob Rogers,578-91-7100,"290 Lopez Streets Apt. 281
Nathanieltown, WA 60644",Y,hours
620,Devin Johnson,498-54-0022,"345 Connie Lodge
Flowersview, IA 88882",Y,miles
621,Ashley Mccarthy,658-08-0612,"74443 Jessica Loop
New Reginahaven, VI 58509",Y,miles
622,Mr. Wesley Harrison MD,146-21-8904,"083 Mendez Parks Suite 159
Daltonshire, SD 80876",N,miles
623,Kimberly Green,475-34-0720,"49017 Brewer Throughway
South Jeffreytown, TX 67835",N,hours
624,Andre Williams,702-63-5277,"9701 Rogers Drive
Monicabury, ID 92248",N,hours
625,Gregory Green MD,846-69-6401,"859 Cook Fords Suite 459
Angelicastad, SC 28948",Y,miles
626,William Barr,108-86-3659,"68174 Eric Unions Suite 691
Port Joseph, WV 44409",N,hours
627,Brady Richardson,209-18-2714,"59206 Garcia Key Apt. 832
North Justin, TX 22126",N,hours
628,David Wilson,639-48-4553,"9400 Humphrey Loaf Apt. 057
Caitlynfurt, AK 82072",Y,hours
629,Vanessa Norman,652-08-4442,"836 Kidd Terrace
Lake Anthony, KY 75522",Y,hours
630,Joan Myers,361-37-3982,"291 Ryan Canyon Suite 731
Port Natasha, HI 56564",Y,miles
631,David Avila,194-86-8538,"3109 Dominguez Estates
North Rogermouth, OK 19893",Y,hours
632,Brittany Fisher,463-93-2721,"8320 Jones Loaf
Graymouth, MD 62832",Y,miles
633,Paula Little,860-31-0038,"805 Park Cape
Christinaport, PA 61246",Y,hours
634,Charles Torres,759-15-9394,"92162 Jason Ville
Susanfurt, GA 82104",N,hours
635,Kristopher Johnson,817-28-8136,"49620 Ortega Freeway Suite 210
East Gregorystad, CT 97416",Y,hours
636,Jacob Norris,111-57-8798,"1862 Brock Islands
New Nathan, DC 73131",N,miles
637,Karen Palmer,495-53-1429,"04862 Andrew Ports
Pollardport, KY 18986",Y,hours
638,Steven Wright,245-31-3212,"37295 Suzanne Shore Apt. 305
East Amandachester, TN 32444",Y,hours
639,Paul Parrish MD,105-09-6211,"70250 Mendoza Walks
North Brianfurt, IN 89549",N,miles
640,Ann Perez,312-82-1432,"62098 Sarah Circle
Joshuastad, OK 65224",N,miles
641,Valerie Rose,036-53-2879,"78155 Pamela Run Apt. 358
Douglasmouth, NE 71754",Y,miles
642,Dr. Jesse Valentine,041-78-7171,"543 Mary Plain
Toddshire, KY 68743",Y,miles
643,Christopher Gallagher,338-62-8039,"029 Mccoy Manor Apt. 001
East Destinytown, MT 49025",N,hours
644,Daniel Brown,066-37-7629,"03742 Calderon Garden
Millerside, NV 47477",N,hours
645,Brian Hood,320-39-9157,"763 Tammy Turnpike
West Luis, MH 34020",Y,miles
646,Eric Logan,841-81-5893,"079 Stevens Plaza
Danielport, MT 39679",Y,hours
647,Frank Silva,017-32-2720,"4349 Lowe Parkways
West Kevinstad, MI 93216",N,miles
648,Sandy Hernandez,084-48-6495,"USS Daniels
FPO AE 87647",N,hours
649,Donna Thomas,250-87-2648,"9140 Ramirez Branch
North Anthonyton, DC 95411",N,miles
650,Shelly Pena,377-41-5862,"54872 Martin Isle Apt. 690
New Christopherfurt, RI 79601",N,miles
651,Nicholas Ruiz,360-13-5728,"2174 Vega Stravenue Suite 967
Craigborough, NY 16227",Y,hours
652,Daniel Porter,586-23-6831,"5619 Brooke Green
North Christine, MA 61732",Y,miles
653,Jessica Bryant,764-83-3685,"76322 Davis Plain
Patrickfort, MA 30349",N,hours
654,Jeffrey Lee,420-68-7793,"90749 Samantha Light
Jamesfurt, NH 81737",N,miles
655,James Moore,174-80-2039,"54700 Miller Field
Lake Peter, MT 48696",N,hours
656,Matthew Tanner,756-73-4164,"51301 Davis Dale Suite 672
Andersonstad, PW 42144",N,miles
657,Kevin Johnson,049-06-3611,"0801 Hernandez Station Suite 117
Amyfort, AS 04808",N,miles
658,Pamela Wagner,608-32-5372,"66344 Thomas Squares Apt. 265
Riddlemouth, NC 95530",Y,miles
659,Paul Cardenas,501-99-2951,"75970 Kirk Motorway Apt. 299
North Ronaldberg, RI 95105",Y,miles
660,Wesley Blake,483-01-3725,"USCGC Williamson
FPO AA 59429",N,miles
661,Sarah Patterson,894-26-2948,"3298 Latasha Street Suite 108
Joseview, DE 83357",Y,hours
662,Dr. Benjamin Jones,717-83-7686,"8627 Anderson Loop
South Candiceberg, NJ 71495",N,miles
663,Daniel Velasquez,853-61-3377,"094 Erika Branch
North Peterfort, NE 60881",Y,miles
664,Christina Nicholson,588-40-9993,"422 Tammy Path
Briannaside, ND 36341",Y,miles
665,Frank Howe,202-04-5922,"7161 Powers Valleys
Lake Aprilshire, MP 93423",N,hours
666,Margaret Valentine,555-89-6390,"39975 Price Pine Apt. 720
Johnstad, AK 88824",N,hours
667,Michael Flowers,286-59-3768,"Unit 2985 Box 1861
DPO AA 30552",Y,hours
668,Sara Reed,244-63-1088,"Unit 1339 Box 8258
DPO AA 31284",Y,hours
669,James Estrada,321-10-1876,"7294 Erica Squares Apt. 364
South Brittanyview, OK 13829",Y,hours
670,Michelle Hill,364-38-7440,"303 Smith Way Suite 233
Lake Josephtown, SC 39751",Y,miles
671,Rhonda Johnson,484-50-5349,"8318 Munoz Mews Apt. 445
West Makayla, VA 35584",N,miles
672,Katherine Gonzalez,787-39-7929,"3864 Kimberly Unions Suite 259
Robertsonstad, GA 90069",N,miles
673,Donna Lynn,226-13-2395,"0119 Megan Drive Suite 321
Port Maryland, TX 37072",Y,hours
674,Richard Acevedo,695-42-5378,"Unit 0326 Box 1774
DPO AP 83634",Y,miles
675,Gregory Rodriguez,640-82-0923,"972 Summers Ridges Apt. 668
Lindachester, OK 87489",N,hours
676,Lawrence Mendoza,653-31-4337,"27508 Stephen Flat
Jonesland, NJ 92157",N,hours
677,Madison Mullen,729-50-1907,"52260 Alexis Inlet Suite 557
West Charlesbury, ID 31023",N,hours
678,Mark Morrison,457-78-7007,"016 Sanders Avenue Suite 245
Jimenezport, DC 92239",Y,hours
679,Heather Ryan,368-10-6024,"4593 Amy Lake
Hayleyside, IA 04198",Y,miles
680,Jessica Smith,187-42-1662,"58633 Scott Via Suite 962
New Erinstad, MN 02097",Y,miles
681,Bruce Montgomery,230-33-4180,"61477 Bell Plains Suite 706
Stephanieside, TN 67309",Y,miles
682,Randy Nichols,481-87-3410,"4557 Henry Trafficway Suite 964
North Nicholasmouth, MT 37433",Y,hours
683,Randy Howard,616-08-1873,"836 Dwayne Summit Apt. 819
Thomasshire, VT 38034",N,hours
684,Phillip Bell,537-20-6887,"498 Jasmine Brook
Jessicatown, AK 65233",N,miles
685,Bradley Page,532-96-4589,"1945 Bender Estates Suite 000
Swansonshire, NM 14562",N,hours
686,Michael Ross,775-01-2218,"530 Miller Ville Apt. 854
West Vanessa, NV 63107",Y,hours
687,Holly Cooley,829-75-1246,"1792 Vincent Extension
New Gabriel, FM 18227",Y,hours
688,Raymond French,136-87-7897,"31062 Brandi Creek Suite 851
East Robert, NH 64034",N,miles
689,Ashley Watkins,156-81-2507,"702 Henderson Landing
Johnsonville, SC 05155",N,miles
690,Richard Atkins,227-78-5731,"7097 Smith Shoal Suite 689
Tonyshire, KS 92865",Y,hours
691,William Bridges,681-35-7509,"0506 Charles Knolls
Kirkberg, AL 46968",N,miles
692,Marc Mcdonald,606-51-1158,"588 Ware Road
Stevenchester, IA 24343",Y,miles
693,Paul Munoz,284-06-6046,"6816 Miller Flats
Zamoraview, UT 60978",Y,miles
694,Kimberly Johnson,384-56-6137,"0889 Mary Glen Suite 338
Cisnerosshire, AS 32806",Y,hours
695,Philip Romero,139-93-4252,"849 Harvey Court
East Travistown, NM 03009",Y,hours
696,Anthony Sanders,289-96-7572,"8652 Tucker Inlet
Reneeburgh, CO 66373",N,hours
697,Jason Warren MD,792-33-6316,"USNV Brown
FPO AA 26537",Y,miles
698,Heather Campbell,787-88-0299,"31871 Bryan Rapids
Port Crystal, UT 12251",N,hours
699,Robert Stone,297-61-6211,"78837 Swanson Fords Suite 579
Lake Xaviermouth, AZ 82355",Y,miles
700,Mrs. Brittany Mason,618-48-9411,"53483 Thompson Spur
West Matthewshire, ID 64966",Y,hours
701,Samantha Wagner,709-84-9744,"0254 Buck Flats Apt. 688
Lisachester, VI 16248",Y,hours
702,Dr. Benjamin Meyers III,711-50-5181,"3453 Sabrina View Suite 559
Armstrongport, WA 15948",N,miles
703,Raymond Glover,206-36-2500,"4667 Jason Mews
Cynthiafort, AK 39946",Y,miles
704,Elizabeth Larson,188-41-0283,"87460 Potter Light
Sandraville, GU 98048",N,miles
705,Mark Jones,633-95-3424,"350 Jones Route Apt. 976
Brownview, MN 74286",Y,hours
706,Amber Downs,213-23-3134,"426 John Plaza
Martineztown, SD 08006",Y,miles
707,Robert Moran,319-44-9719,"805 Kevin Passage Suite 520
North Angela, MP 62249",N,miles
708,Mr. Brandon Patterson PhD,291-50-5658,"204 Wood Divide
Richardsstad, AK 70703",N,miles
709,Ashley Shaw,486-24-6883,"USNV Wright
FPO AA 90122",N,miles
710,Kenneth Stanton,135-84-2410,"900 Elizabeth Bypass
East Tinachester, VT 71615",N,miles
711,Brianna Mcdonald,419-10-7675,"78634 Mccormick Cove
Rebeccashire, MI 36856",N,miles
712,Kelly Johns,852-64-0588,"USS Gibson
FPO AE 87347",N,miles
713,Stacey Bridges,634-56-7866,"8861 Derek Crest Suite 092
North Sophia, CA 48507",Y,miles
714,Jeffrey Diaz,219-84-3493,"29763 Brenda Walk Apt. 194
Emmaport, MT 26069",N,miles
715,Amy Rogers,254-63-8985,"572 Wolfe Ranch
West Sheila, FL 57881",Y,miles
716,Amy Harrison,654-96-9289,"694 Sally Forges
East Stephanieborough, MD 45247",Y,miles
717,Sandra Johnson,070-66-0537,"Unit 4627 Box 8179
DPO AA 16575",Y,hours
718,Teresa Todd,117-99-9584,"13830 Edward Center
Allisonfort, KY 10021",N,hours
719,Alan Little,326-20-1300,"10339 Guerra Plains
Staceyborough, WY 38971",Y,miles
720,Anthony Gonzalez,869-54-3464,"Unit 8462 Box 8289
DPO AP 53350",Y,hours
721,Jennifer Delgado,644-54-3280,"91311 Mcintosh Rest
Riceview, IL 36235",Y,miles
722,Ashley Smith,603-52-7560,"PSC 7398, Box 5750
APO AE 33827",N,hours
723,Jonathan Austin,843-36-0680,"18430 Mckenzie Motorway Apt. 391
Fisherborough, IA 29332",Y,miles
724,Joshua Watkins,832-07-1971,"PSC 5729, Box 6979
APO AP 36825",Y,miles
725,Thomas Ramirez,667-85-0496,"Unit 9693 Box 1589
DPO AE 05786",Y,hours
726,Ryan Bryant,138-97-7890,"4407 Baker Neck
North Annettetown, MS 36197",Y,hours
727,James Welch,337-27-9169,"66865 Molly Orchard
Allisonport, AZ 83591",Y,hours
728,Nathaniel Lopez,737-40-5125,"7745 Joel Harbors Apt. 215
Karenstad, MP 20701",N,miles
729,Suzanne Hammond,031-22-3507,"6815 Franklin Orchard Apt. 403
Kruegerton, DC 37207",Y,hours
730,Jeremy Guerrero,863-29-0438,"6111 Garrett Lights Suite 852
Brianhaven, NV 10161",N,hours
731,Nicole Navarro,239-43-6360,"85560 Pittman Ramp Apt. 290
West Aaron, MS 77698",N,miles
732,Holly Hall,473-84-8022,"07287 Jose Keys Suite 390
Isaacborough, VI 71771",Y,miles
733,Luis Mills,047-36-6337,"484 Estrada Keys Apt. 371
Carolinebury, LA 15724",Y,hours
734,Amber Gutierrez,525-65-9719,"360 Sean Harbors Apt. 475
New Timothy, MH 67927",Y,miles
735,Patricia Hensley,040-31-6862,"471 Jonathon Lights
New Thomastown, FM 10825",N,miles
736,Joyce Herrera,489-17-0055,"14080 Michelle Square Apt. 223
North Beth, NC 40927",Y,hours
737,Nicole Wright,130-08-3849,"6842 Flores Crossroad
Bryantfurt, SC 74470",N,hours
738,Veronica Bentley,760-92-8036,"393 Coleman Court
East Melindaborough, MP 67162",Y,miles
739,Chris Sutton,851-28-0984,"USS Payne
FPO AE 59052",N,miles
740,Ellen Turner,544-35-7873,"076 Sara Keys Suite 512
Robertshire, MD 41019",N,miles
741,Robert Howell,890-02-2268,"976 Teresa Glens Apt. 590
Patrickhaven, OR 62103",Y,miles
742,Lucas Gomez,561-37-2809,"92358 Martha Valley
Tammyside, MD 33725",N,hours
743,Linda Zimmerman,699-25-1919,"4088 Stone Skyway Apt. 657
North Angelaberg, CT 87775",N,miles
744,Elizabeth Davidson,308-17-8854,"8351 Martin Terrace Suite 883
Jamesshire, OH 87587",Y,miles
745,Randall Miller,690-92-3522,"444 Carlos Loop Suite 378
Susanport, KY 59099",Y,miles
746,Nicholas Cantrell,845-50-4609,"3081 Jacob View
Crawfordmouth, FL 26504",N,hours
747,Stephen Jones,163-76-1134,"565 Raymond Groves
Chelseyborough, CA 19486",Y,hours
748,Jorge Edwards,488-26-3420,"840 Carter Expressway Suite 087
South Kevinton, NH 66299",Y,miles
749,Caitlyn Valdez,887-07-4012,"22720 Andrew Run Suite 114
Wilsonfort, NV 32491",N,miles
750,Victoria Green,764-66-5833,"5800 Allen Shoals Apt. 912
Ashleyhaven, RI 06907",N,hours
751,Brian Perkins,371-84-3070,"17478 Rhodes Meadow Suite 846
New Rebeccaview, ME 65212",Y,hours
752,Brian Frye,851-51-3045,"984 Johnson Curve
Silvaport, OR 05525",N,miles
753,Christine Baker,143-46-9581,"098 Tiffany Trace Apt. 042
Lake Marcus, FL 91316",N,miles
754,Chase Anderson,224-99-1288,"8152 David Meadow
Christopherside, MI 38994",N,hours
755,Amanda Cruz,360-36-4055,"32864 Malone Field Apt. 402
New Bryanfort, GA 60109",N,miles
756,Eric Doyle,460-98-4933,"USCGC House
FPO AA 40299",Y,hours
757,Zachary Cox,849-15-5060,"176 Alison Glen Suite 133
Shafferborough, MN 85511",N,hours
758,Susan Williams,152-22-9925,"Unit 4628 Box 0889
DPO AE 42800",Y,hours
759,Karen Harper,284-68-0632,"8745 Matthew Cliffs
Rogermouth, WV 14420",Y,hours
760,Mark Stein,008-18-7894,"5242 Krystal Trafficway
Sandraside, NE 49813",Y,hours
761,Colin Jensen,342-35-4071,"USNS Gay
FPO AE 00563",Y,hours
762,Victoria Nguyen MD,043-08-6918,"8932 Angela Crossroad Apt. 504
South Stacey, ND 34291",N,miles
763,Thomas Freeman,540-21-5614,"9950 Lewis Knolls
Port Emily, CO 00687",N,hours
764,Robert Dougherty,097-42-5822,"4953 Kennedy Unions
West Amber, NJ 84376",Y,miles
765,Jonathan Gray,032-31-8785,"4050 Evans Rapids Suite 426
Larsonhaven, MI 51406",Y,miles
766,Travis Williams,676-65-2210,"7976 Oliver Shoal
New Jasontown, HI 70038",N,miles
767,Jamie Espinoza,462-75-7112,"3494 Yvonne Rue
South Mark, NE 12333",N,hours
768,Tyler Knox,121-87-7846,"1772 Merritt Curve Apt. 311
East Jason, IN 74699",Y,miles
769,Sean Little,772-91-1072,"317 Emily Fall Suite 416
New Jonathan, CA 01249",Y,hours
770,Dana Scott,593-65-4051,"033 Price Square
Wongberg, AZ 80146",Y,hours
771,James Garcia,053-52-2668,"Unit 3144 Box 2709
DPO AA 92081",Y,hours
772,Raymond Yang,173-82-4659,"29397 Jones Mount Suite 060
Port Kevinville, GA 15114",Y,hours
773,Jasmine Kelly,418-69-6573,"228 Scott Springs Suite 555
North Charleneborough, MD 16903",Y,hours
774,David Horton,636-45-5798,"Unit 9272 Box 2399
DPO AE 79508",N,hours
775,Bradley Taylor,738-84-9593,"Unit 9209 Box 1806
DPO AP 74444",N,hours
776,Savannah Barnes,281-16-6061,"24929 Pacheco Canyon
Davisborough, VI 30612",Y,miles
777,Alicia Ward,736-44-0927,"99560 Sarah Parks
South Christophermouth, OK 76998",Y,hours
778,Ellen Blackwell,336-06-7462,"62599 Henson Via Apt. 055
Zavalaland, OR 55505",N,hours
779,Jack Frank,741-39-3413,"987 Sean Route
Davidfurt, DE 41809",N,hours
780,Devin Gay,654-29-7924,"20653 Silva Extensions
Masontown, NH 81275",Y,miles
781,Rebecca Anderson,513-27-6537,"PSC 4870, Box 3259
APO AP 51127",N,miles
782,Eddie Willis,657-27-6439,"643 Paul Club Apt. 617
South Keithfurt, ME 88177",Y,miles
783,Daniel Powers,569-89-8407,"24942 Jones Glen Apt. 078
West Thomas, SC 33838",N,miles
784,Michael Pierce,039-91-2220,"743 Donald Vista Apt. 528
Port Maria, SD 14394",N,miles
785,Noah Hernandez,124-38-8456,"0576 Alexandra Flats Suite 783
Woodsstad, TN 33077",N,hours
786,Jordan Cox,448-73-5447,"0117 Bryant Well Apt. 824
Katherineside, MT 55292",Y,miles
787,Jeffrey Wright,126-40-5190,"52713 Long Brooks Suite 509
Grimesside, AS 45784",Y,hours
788,Johnny Miller,291-77-0009,"2225 Freeman Burg
East Lindafort, OH 50626",Y,hours
789,Adrian Stephens,026-50-7472,"412 Chapman Meadows
Evansside, LA 59627",N,miles
790,Juan Robbins,035-58-2237,"289 Joseph Pass
Zacharymouth, MN 01981",N,miles
791,Brenda Wagner,089-80-6907,"7479 Black Courts
North Danielchester, MI 67718",N,miles
792,Jared Bell,263-86-8447,"184 Johnson Throughway
New Jessica, ID 90104",N,hours
793,William Smith,371-74-9146,"95949 Elizabeth Ridge
Kellyshire, NE 73245",N,hours
794,Dawn White,303-08-3053,"70569 Thomas Circles Apt. 718
Velazquezburgh, VI 86996",Y,hours
795,Ashley Allen,822-81-9283,"78546 Andrew Centers
Candiceborough, CO 13793",Y,hours
796,Steven Underwood,784-23-3782,"5566 Clark Crossing
Lindaburgh, UT 03159",N,hours
797,Kelly Nguyen,212-91-9044,"45740 Roth Center
South Kimberlyborough, LA 98751",Y,hours
798,Mary Harrington,187-85-2429,"35227 Wright Isle Suite 535
Christopherton, PW 54932",N,miles
799,Anita Martinez,046-87-3446,"7919 Faulkner Forge
Mccallberg, NH 73626",N,miles
800,Carlos Walker,621-29-3402,"730 Whitney Summit
Woodston, WV 69285",N,miles
801,Mrs. Marissa Suarez MD,805-65-1772,"6029 David Field
Millerfort, VT 64142",Y,miles
802,Michael Robles,331-13-5883,"08643 Kim Forks Apt. 088
Nielsenville, SC 62465",Y,hours
803,Yesenia Cooper,305-58-8125,"66371 Skinner Field
West Cathy, MD 42341",N,miles
804,Connie Haley,754-03-3465,"113 Amanda Haven Suite 560
North Paulachester, IN 13486",N,hours
805,John Osborne,063-84-9131,"4006 Martinez View Suite 376
Port Christopher, NH 87610",Y,miles
806,Ryan Martin,456-06-0326,"1608 Beasley Curve Apt. 834
Wendyside, CO 78324",N,hours
807,Joe Powell,428-71-5925,"68225 Moore Unions
Dunlapton, IA 04570",N,miles
808,Allen Pratt,470-38-3292,"952 Angela Tunnel Apt. 686
Laurenberg, WY 37771",N,hours
809,Sabrina Estes,886-55-1279,"724 Williamson Avenue
Port Stevenview, IL 65966",N,miles
810,Lori Hancock,136-45-3984,"3803 Kelly Land
North Jo, FM 69228",Y,hours
811,Amanda Garcia,785-76-7861,"72229 Rachel Stravenue
Lawrenceview, KS 16704",N,hours
812,Dylan Harris,020-46-7268,"27405 Julie Street
Port Reginahaven, CA 65252",Y,miles
813,Alec Lang,057-26-7805,"15119 Smith Inlet Apt. 638
Parkerfort, DC 97350",Y,miles
814,Jessica Campos,287-26-5752,"731 Pope Corners Apt. 655
Pottermouth, FM 13223",Y,hours
815,Phillip Thomas,012-72-5439,"3593 David Wells
Lake Edwinberg, ME 68406",Y,miles
816,Adam Rodriguez,532-28-0226,"8926 Taylor Summit
Amyfort, CO 04539",N,miles
817,John Chen,585-08-6282,"39576 Bobby Pine Apt. 567
Andreabury, GA 15289",N,miles
818,Amanda Lowe,176-21-1048,"71047 Stephen Well Apt. 612
Lake Josephland, CT 95117",Y,hours
819,Kenneth Rich,473-19-3496,"89850 Christopher Wells
North Matthew, PR 10934",N,miles
820,James Joseph,188-72-8288,"31691 Nelson Island Apt. 380
West Staceychester, MA 44434",N,miles
821,Lori Jordan,568-44-2457,"520 Jessica Cliff Suite 937
Andreaview, WA 70753",Y,miles
822,Mary Jones,238-65-8289,"001 Coffey Highway Apt. 771
Lake Debra, NY 32696",Y,hours
823,Paul Bell,829-38-4660,"08377 Gonzalez Ports
Ramoshaven, WA 57269",N,hours
824,Joseph Lewis,327-98-7787,"3471 Morgan Parkway Suite 453
Port Beckyport, KY 12218",N,hours
825,Randy Myers,142-21-3367,"2900 Zachary Plaza
East Travis, AZ 11185",Y,miles
826,John Knight,821-16-7226,"0944 Timothy Avenue Suite 494
West Kennethstad, VT 17983",Y,hours
827,Brian Wilson,857-26-3216,"82067 Collins Manor Suite 493
South Michaelborough, VT 85155",Y,miles
828,Tabitha Park,607-05-8479,"08192 Martinez Mall
Katelynfort, VT 01781",N,hours
829,Rebecca Weiss,496-52-5267,"6014 Amber Cliff Suite 841
Douglasfurt, MS 11071",N,hours
830,Stephanie White,216-08-2157,"08735 Hall Court Apt. 805
Lisamouth, CA 73961",N,hours
831,Norma Wolfe,537-84-6197,"6407 Cherry Hollow
Aaronfort, PR 04169",Y,miles
832,Gabriel Johnson,833-88-3397,"456 Curtis Dale Apt. 175
Archerstad, OR 50835",Y,hours
833,Jeffrey Baker,121-45-6509,"62748 Diane Lakes
Lake Michelle, WV 98707",N,miles
834,Michael Wright,727-48-3162,"932 Garrett Port
Aaronfort, NC 82869",N,hours
835,Jonathan Dalton,565-44-6405,"149 Victoria Squares
Castanedachester, ND 15068",N,miles
836,Katie Dickerson,821-45-4407,"40471 Michael Terrace Suite 718
Camachoborough, MH 86042",Y,hours
837,Robert Morris,056-23-7710,"3288 Debra Road Apt. 004
East Shannon, NE 16161",N,miles
838,Jacob Williams,519-88-6591,"326 Moore Ville
South Ricky, PW 42523",N,miles
839,Michelle Irwin,212-42-1714,"88649 Hannah Prairie Suite 893
Coopermouth, PW 63734",Y,miles
840,Martin Gillespie,398-52-4401,"231 Cooper Lakes Suite 861
Michaelville, GA 94263",N,hours
841,Debbie Schroeder,082-50-1350,"1718 Tom Lodge
Johnville, ND 07989",N,miles
842,Michael Watson,781-77-4895,"Unit 6686 Box 1634
DPO AP 78391",N,hours
843,Joseph Jones,103-47-4647,"55792 Brian Mountains Suite 580
East Rhonda, MI 04856",Y,hours
844,Alexandra Thomas,049-57-3447,"23952 Newman Plains
South Tonyview, SD 18785",Y,miles
845,Erika Burns,663-71-4905,"14590 April Views
North Carolineburgh, WV 00856",Y,miles
846,Amanda Vincent,300-31-7655,"0700 Kristi Way Apt. 834
Port Matthew, MT 87721",N,miles
847,Alicia Rosario,205-28-1399,"5565 Isaiah Squares Apt. 220
Michaelside, HI 46610",Y,hours
848,James Griffin,326-49-0364,"625 Yoder Curve Apt. 478
West Jerryland, MH 83444",N,miles
849,Cheyenne Williams,116-83-2285,"09996 Kim Pine Apt. 722
Zacharystad, VI 14716",Y,miles
850,Christina Jacobson,067-91-2323,"487 Booth Springs Suite 552
Tiffanychester, HI 55783",N,miles
851,Deborah Patterson,724-85-1272,"140 Carroll Route
Cameronstad, GA 18359",N,hours
852,David Miles,511-40-0913,"208 Carroll Harbor Suite 326
Brandiberg, GU 91066",Y,miles
853,Scott Green,363-70-3883,"9296 Regina Estate
Port Dawn, MS 86809",Y,miles
854,Thomas Henry,840-02-0229,"34526 Taylor Ferry Suite 167
New Justinberg, GA 20021",Y,hours
855,Sara Miller,732-84-9718,"008 Michael Oval Apt. 129
Brandtview, OR 38696",Y,hours
856,Kelli Perez,443-89-0440,"74698 Yu Lodge
Port Charlesbury, OR 32118",N,hours
857,Antonio Johnson,047-60-9383,"380 Rios Junction
Melissaview, CO 49727",N,hours
858,William Parrish,826-92-6503,"0192 Tiffany Circles
North Ashleyview, MO 10601",N,hours
859,Hannah Davidson,021-73-9247,"31750 Acosta Common
Port Joann, NM 47684",Y,hours
860,Michael James,783-42-0259,"3341 Dustin Road
Tonyview, FM 00727",N,hours
861,Sean Costa,860-88-9959,"3981 Quinn Turnpike Apt. 846
Courtneychester, NY 64240",Y,miles
862,William Reed,221-56-3491,"108 Ian Park Apt. 476
Carlfort, MD 05365",N,miles
863,Ruth Martin DVM,894-03-0226,"3376 Brian Ferry
Port Beth, WY 98280",N,hours
864,Joan Gutierrez,476-59-4331,"2515 Francisco Points Suite 861
Courtneytown, KS 03973",Y,miles
865,Rebecca Johnson,554-04-9700,"933 Hurst Isle
Laurenshire, OH 67095",Y,miles
866,Michael Spencer,819-97-6528,"8464 Scott Mountains
Yvonneborough, PW 78596",N,hours
867,Melissa Ward,819-24-9393,"208 Travis Villages Suite 648
New Robynstad, PR 85810",Y,hours
868,Elizabeth Brown,615-48-5510,"760 Beck Shores Suite 512
East Jennifermouth, DE 34982",Y,hours
869,Kristen Edwards,376-82-1645,"6769 Sandra Freeway
West Martin, HI 43742",N,miles
870,Danielle Madden,213-32-4146,"2617 Eugene Shores
Port Tracychester, VA 33563",Y,hours
871,Terri Simmons,599-12-8595,"34632 Hernandez Pine Suite 572
Ivanside, PR 17447",Y,miles
872,Kristina Jones,585-90-5182,"218 April Mount Apt. 061
New Katherine, CA 33669",N,miles
873,David Peters,330-95-1486,"40545 Townsend Fords
Sarahton, VI 52229",Y,hours
874,William Williams,850-14-1059,"Unit 1649 Box 0682
DPO AE 19115",N,hours
875,Corey Barnes,356-61-7903,"4167 Rodriguez Locks
North Danielhaven, MO 07075",Y,miles
876,Thomas Oconnell,566-37-8731,"39539 Sellers Street Apt. 894
West Jayborough, OH 66706",Y,miles
877,Robert Jones,858-81-7762,"905 Morgan Fords
Huffside, NV 83980",N,miles
878,Andrea Jones,712-55-8512,"923 Vincent Meadow Suite 271
East Josephview, GA 53840",Y,miles
879,Daniel Frank,557-84-7065,"USCGC Williams
FPO AP 46108",Y,hours
880,Vanessa Hurst MD,470-40-9096,"50502 Brian Union
Lawrencehaven, LA 14390",N,hours
881,Christopher Payne,310-18-2991,"9522 Jones Grove
Jameston, UT 13275",N,hours
882,Jacob Ibarra,056-85-5522,"586 Alejandro Mews
West Brianview, VI 71038",N,hours
883,Brian Anderson Jr.,361-68-7091,"8017 Michael Harbor
Michaelton, ND 26761",N,hours
884,Catherine Smith,445-78-7983,"897 Gabriel Light Suite 099
Lake Cynthia, AZ 58296",N,miles
885,Russell Griffin,513-47-5504,"97001 Ryan Row
Robertland, DE 24889",N,hours
886,Sara Jackson,284-06-5449,"216 Trevino Alley
Reneetown, CA 73929",N,miles
887,Diana Robinson,288-88-8467,"883 Lisa Square
New Vanessa, MI 22935",N,miles
888,Andrew Alvarez,703-74-9156,"5170 Logan Locks Suite 592
West Elainestad, KY 99691",N,miles
889,Alyssa Hernandez,826-90-1902,"9668 Meyer Valleys Apt. 392
Port Andrewborough, OH 10986",Y,hours
890,David Beasley,226-82-5016,"60431 Johnson Isle
East Theodorefurt, PR 93958",N,miles
891,Thomas Ramos,799-04-7918,"316 Green Cliffs
East Marie, RI 82363",N,miles
892,Patricia Ferguson,378-67-1576,"2799 Lisa Mountain
Lake Anna, OK 92367",Y,miles
893,Robert Harrington,013-23-6816,"67014 Pruitt Station Apt. 922
North Shannonland, CT 23050",Y,hours
894,Hunter Dillon,076-87-1200,"280 Chase Fork Apt. 569
Port Laurenmouth, GU 34331",Y,hours
895,Daniel Coleman,561-60-9968,"79480 Johnson Spur
Brianfort, VT 81918",N,miles
896,Melissa Moore,087-78-4226,"12253 Blake Forge
West Susanfurt, VI 43167",Y,miles
897,Victor Leblanc,339-41-6173,"31348 Gordon Branch Suite 646
Cooperview, UT 61232",N,miles
898,Kathy Petersen,034-11-7399,"491 Taylor Mews
Medinamouth, NH 43833",Y,hours
899,Kyle Jenkins,701-04-1154,"3762 Amanda Points
Heathertown, AL 95186",N,miles
900,Matthew Lawrence,631-59-7407,"894 Stephanie Freeway Suite 908
Walkerton, NM 38661",N,miles
901,Reginald Rivera,655-99-5754,"USCGC Hale
FPO AA 44713",N,miles
902,Christopher Daniels,734-57-4146,"383 Timothy Forges Apt. 625
Rileyland, TX 86471",Y,miles
903,Cynthia Ross,418-75-7217,"Unit 4790 Box 5302
DPO AE 25284",Y,hours
904,Olivia Ryan,447-75-7950,"651 Nash Springs
Lanemouth, OK 35211",N,hours
905,Lisa Camacho,479-16-1882,"20039 Alicia Plaza Apt. 720
Olsonport, MP 02192",N,miles
906,Brandon Hudson,636-96-7563,"278 Michael Estate Suite 709
South Shanestad, DE 03219",N,miles
907,Michael Hernandez,492-34-9741,"PSC 2117, Box 3141
APO AP 41077",Y,miles
908,Logan Guerrero,228-02-7832,"059 Jennifer Crescent Suite 372
Angelashire, MO 21358",Y,miles
909,Maria Bailey,796-95-7975,"581 Jeremy Port
Port Alexandermouth, MA 14404",N,miles
910,Laura Thompson,350-26-1556,"6350 John Trace Apt. 168
Judithview, IL 27493",N,hours
911,Madison Melton,531-60-0564,"70457 Evan Vista Suite 786
Walkermouth, VT 30477",N,hours
912,William Ruiz,060-69-9399,"6648 Stacy Knolls
Port Donnastad, MT 96839",N,hours
913,Jacqueline Alexander,563-53-8837,"86361 Anthony Alley
Kristineside, IL 29382",Y,miles
914,Brian Zamora,743-06-6176,"USS Hernandez
FPO AP 49171",Y,miles
915,Michael Crawford,109-29-0609,"59315 Tyler Ferry Apt. 095
North Benjamin, CA 48082",Y,miles
916,Alyssa Macdonald,383-54-5408,"5156 Janice Trail
Payneview, RI 07994",Y,hours
917,Cindy Martinez,668-72-8238,"59851 Amanda Ports
West Catherine, MD 60878",Y,miles
918,Tonya Foley,489-81-5161,"77241 Cross Landing
Chapmanmouth, MD 26042",N,hours
919,Shaun Davis,352-35-2238,"54380 Anderson Haven
Cooleytown, NE 28307",Y,hours
920,Matthew Kramer,374-90-1177,"14407 Ware Shoals
Mariomouth, SC 35302",Y,miles
921,Amanda Garcia,501-94-4786,"PSC 7869, Box 8187
APO AE 18755",N,hours
922,Linda Cunningham,501-30-5581,"787 Richard Turnpike
Buchanantown, LA 78823",N,hours
923,Amber Harris,200-48-6914,"23565 Lopez Point
North Amanda, NM 50447",Y,miles
924,Rachel Hoover,592-51-9244,"295 Griffin Circles Suite 933
Tatefurt, OH 13668",N,miles
925,Shannon Scott,338-68-5405,"4334 Hampton Common Apt. 123
Mcdowellville, IN 38846",N,hours
926,James Quinn,667-10-2408,"064 Lee Mission
North Scott, NE 76111",Y,hours
927,Douglas Turner,315-27-7057,"7008 Melissa Plains Suite 129
West Richard, MP 22719",N,miles
928,Peter Jones,759-04-5273,"2454 Rebecca Island Suite 257
East Marvinbury, WY 44156",N,hours
929,Patrick Dean,526-99-3779,"95384 Hughes Mill
Kevinhaven, MH 15951",N,hours
930,Donna Manning,693-55-7097,"8581 Sabrina Oval Suite 838
Hortonborough, VI 15171",N,miles
931,Kimberly Martinez,027-72-5634,"944 Morgan Street Apt. 893
Lake David, WI 00541",Y,miles
932,Jay Stokes,134-93-8983,"449 Carter Bridge
Phillipsmouth, ID 28571",N,miles
933,Mark Thomas,655-63-7351,"1081 Camacho Pine Apt. 679
Port Margaretborough, HI 19144",Y,miles
934,Kimberly Evans,648-13-4572,"5735 Thomas Terrace Suite 178
New Jessicachester, ME 45999",N,hours
935,James Hoffman,530-21-4454,"95362 Warren Center
North Aimee, WY 35537",N,hours
936,Anthony Oliver,240-79-3064,"75733 Ward Street
West Scott, AR 60572",N,hours
937,Timothy Evans,852-17-6420,"65512 Laura Glen
Garzafurt, DC 71906",N,miles
938,Heather Pena,274-40-4391,"PSC 4567, Box 4398
APO AE 04872",Y,hours
939,Natalie Jacobs,546-92-9814,"USNS Barry
FPO AP 83048",Y,miles
940,Jacob Long Jr.,550-84-9266,"578 Johnson Mission
Flemingberg, PR 76756",N,hours
941,Renee Bennett,083-73-1685,"2057 Johnson Corner Suite 384
North Johnfort, TX 37903",N,hours
942,Michele Caldwell,292-94-9864,"83806 Bradley Causeway Apt. 802
Christopherview, VT 86153",N,miles
943,Dr. Jose Williams,882-67-2270,"0297 Gonzales Garden
East Christinaborough, KY 37586",Y,miles
944,Andrea Blackwell,344-72-8802,"71794 Rivera Route
Kellybury, DE 79239",Y,miles
945,Becky Armstrong,319-85-2770,"1159 Rachel Islands Apt. 242
Smithland, NM 82143",Y,hours
946,Christina Brown,603-95-5907,"233 Roberts Parkway
East Brandon, NJ 55219",Y,miles
947,Russell Smith,868-51-0961,"488 Lisa Mall
Lake Michellestad, GA 96661",N,miles
948,Mitchell Pitts,581-73-6731,"PSC 7744, Box 2001
APO AE 19384",Y,miles
949,Karen Tanner,411-47-5812,"2437 Robert Route
Turnermouth, AK 70758",Y,hours
950,Corey Richards,220-24-0666,"614 Michael Island Suite 369
New Ashleetown, WA 09176",Y,miles
951,Carlos Murray,584-74-5171,"104 Hoffman Dale
New Stephen, WV 45249",Y,hours
952,Jason Oliver,656-05-7431,"1697 Michael Shoals
Brianaland, MD 48508",Y,miles
953,Carla Lam,883-24-2693,"07537 Lyons Shoal
Howardburgh, IN 68751",Y,miles
954,Toni Garcia,513-50-8047,"944 Richard Prairie
North Meganfurt, NV 47196",N,hours
955,Margaret Williams,572-06-6166,"14070 Hayes Valley Suite 249
Mayburgh, AZ 93136",N,miles
956,Robin Deleon,409-12-7934,"458 Fischer Burg
Dawnstad, MN 69369",Y,miles
957,Luke Williams,760-01-8649,"479 Meza Glens
East Diamond, PA 98331",Y,miles
958,Christine Reid,091-55-4840,"243 Wesley Flat
Sandrahaven, ID 24226",Y,hours
959,Robert Graham,402-61-8042,"61906 Sierra Cape
Matthewborough, AK 79690",Y,miles
960,Kenneth Wheeler,612-44-1342,"PSC 8134, Box 0100
APO AP 20375",Y,miles
961,Eric Mason,869-02-9418,"3447 Skinner Trail Suite 894
Port Ronaldside, VI 25026",N,miles
962,Cynthia Torres,181-74-1381,"9074 Wagner Cape
North Lisa, WA 38299",Y,miles
963,Taylor Thompson,555-18-9984,"6424 Gonzalez Run Suite 134
Christopherhaven, NC 21742",Y,miles
964,Tanner Lowe,109-26-4546,"411 Edwards Orchard Apt. 340
North Melinda, MI 72468",N,hours
965,Amy Adams MD,136-21-9782,"97675 Thompson Stream Suite 242
Port Hollyshire, NE 21969",N,miles
966,Amber Barber,565-32-0029,"146 Patrick River Apt. 187
Lake Aliciaport, MP 74324",N,hours
967,Jose Cortez,049-07-7782,"29974 Palmer Park
Sandersside, FL 62600",N,miles
968,Elizabeth Booker,338-11-2626,"886 Castro Springs
Schmittmouth, MP 66711",N,miles
969,Robert Caldwell,275-17-1443,"983 Jill Dale Suite 421
Port Edward, PR 25839",N,miles
970,Nathan Wright,379-62-6220,"98484 Sean Ville
East Teresa, TX 72215",N,miles
971,Scott Garcia,533-74-3950,"8959 Smith Square
Port Joseph, DC 75122",N,miles
972,Brittany Jones,009-64-2048,"657 Shelly Isle
South Mary, AR 81052",N,hours
973,Heather Mejia,186-57-4430,"8223 Hebert Loaf
Ericaview, AS 16990",N,miles
974,Shannon Anthony,009-32-0112,"USNV Booth
FPO AE 02078",Y,hours
975,Benjamin Mccoy,199-31-1254,"72691 Atkinson Valleys Suite 265
East Erica, MO 55461",N,hours
976,Leslie Perez,852-25-6844,"707 Buckley Knoll
North Jessica, PW 02527",N,miles
977,Justin Kelly,059-98-2476,"7125 John Parks Apt. 916
Parkerchester, NJ 29196",N,hours
978,Brian Rodriguez,602-45-0664,"525 Ewing Port
Port Robertland, HI 87657",N,miles
979,Melanie Stevens,273-84-2923,"2927 Tiffany Islands
South Shirley, CT 98081",N,miles
980,Miguel Murray,141-79-7935,"9165 Patel Garden
South William, IN 30932",Y,miles
981,Valerie Stark,883-64-1084,"61986 Mercado Square
Russellside, PR 94041",Y,miles
982,Jamie Scott,625-86-5558,"USNS Cook
FPO AP 63248",Y,miles
983,James Mejia,063-63-9382,"903 Alexandra Lodge
New Shawnfurt, NC 72064",Y,miles
984,Laura Smith,158-12-2733,"37234 Vargas Land Apt. 142
West Shawn, WI 20551",Y,miles
985,Stephanie Martinez,351-37-8617,"Unit 8935 Box 3949
DPO AP 84050",N,hours
986,Leah Cain,435-43-8401,"04745 Green Village Suite 215
Joeburgh, MP 07777",N,miles
987,Michelle Woodard,462-48-0759,"34774 Sheila Forks Suite 382
Johnland, IA 10180",N,miles
988,Nicole Taylor,222-03-9875,"Unit 0571 Box 0445
DPO AP 42276",Y,hours
989,David Austin,174-79-6007,"USCGC Rasmussen
FPO AA 23817",Y,hours
990,Cindy Briggs,250-10-2019,"797 Boyd Points Suite 801
New Brandy, AL 51438",Y,hours
991,Erica Palmer,371-56-5278,"209 Jackson Ways Suite 879
South Carolynview, NV 27190",Y,hours
992,James Best,709-14-0824,"8560 Stanley Estates Suite 596
Lake Christineborough, MA 48146",N,miles
993,Kathy Velasquez,192-66-7462,"48549 Hart Corner Apt. 738
Port Todd, MD 30396",N,hours
994,Brandon Gonzalez,760-42-7166,"289 Michael Summit
Christopherhaven, TX 95542",N,miles
995,Maria Gregory,028-81-7469,"USCGC Martinez
FPO AA 09163",Y,hours
996,Yolanda Gomez,317-95-7042,"965 Francisco Flats Suite 032
New Elizabethmouth, NE 86638",Y,hours
997,Brenda Nolan,194-52-8396,"9613 Delgado Mountain
Port Dannybury, SD 28762",Y,hours
998,Sandra Montgomery,074-30-9305,"0383 Lee Alley Suite 299
Jamesmouth, SC 99267",N,hours
999,Margaret Carroll,471-52-5700,"667 Shannon Motorway
New Michaeltown, NJ 31620",N,miles
1000,Christine Ryan,465-39-2045,"66418 Antonio Flats Apt. 799
Wilsonview, KY 16402",Y,miles
1001,Brandon Parker,263-23-1999,"257 Zachary Route Apt. 636
Harrischester, AK 75720",N,hours
1002,Dr. Kristin Ward,607-05-9796,"9185 Brown Lights
East Selena, NY 57664",N,hours
1003,Victor Lee,130-55-8827,"45844 Martinez Springs
North James, AR 93444",Y,hours
1004,Albert Moore,032-85-4282,"29834 Williams Turnpike Apt. 260
Port Benjamin, MI 73842",N,miles
1005,Dylan Ellis,311-82-4430,"88508 Perez Orchard
Katieburgh, WV 81633",Y,hours
1006,Justin Johnston,460-95-3415,"9960 Spencer Mountains Suite 969
South Michaelville, AL 88896",N,hours
1007,Daniel Griffin,490-75-1762,"1289 Dwayne Radial
New Michaelborough, MH 56084",N,miles
1008,Rebecca Contreras,219-52-2401,"972 Collins Crossroad Suite 112
Port Paula, WA 17927",Y,miles
1009,Pamela Hunt,428-19-5862,"623 Amanda Unions Suite 586
West Rebecca, VT 56123",N,hours
